video,Spatial Risk,Temporal Risk,Color Risk,Face Risk,Metadata Risk,Suspicion Index,Absolute Risk Level,Confidence,Primary Risk Drivers,Percentile Rank,Relative Risk Band
apogckdfrz.mp4,0.49,0.681,0.345,0.722,0.561,0.565,Moderate,0.667,"Face (0.722), Temporal (0.681)",100.0,Top 5% Most Anomalous
dgzklxjmix.mp4,0.463,0.658,0.349,0.779,0.555,0.56,Moderate,0.667,"Face (0.779), Temporal (0.658)",99.75,Top 5% Most Anomalous
ddhfabwpuz.mp4,0.64,0.71,0.635,0.359,0.335,0.553,Moderate,1.0,"Temporal (0.71), Spatial (0.64)",99.5,Top 5% Most Anomalous
dhcselezer.mp4,0.495,0.712,0.346,0.577,0.559,0.552,Moderate,0.333,"Temporal (0.712), Face (0.577)",99.25,Top 5% Most Anomalous
awnwkrqibf.mp4,0.629,0.588,0.638,0.365,0.33,0.521,Moderate,0.667,"Color (0.638), Spatial (0.629)",99.0,Top 5% Most Anomalous
emfbhytfhc.mp4,0.633,0.58,0.639,0.363,0.33,0.52,Moderate,0.667,"Color (0.639), Spatial (0.633)",98.75,Top 5% Most Anomalous
cprhtltsjp.mp4,0.589,0.592,0.64,0.367,0.329,0.512,Moderate,0.333,"Color (0.64), Temporal (0.592)",98.5,Top 5% Most Anomalous
benmsfzfaz.mp4,0.575,0.688,0.402,0.447,0.337,0.511,Moderate,0.333,"Temporal (0.688), Spatial (0.575)",98.25,Top 5% Most Anomalous
dzwkmcwkwl.mp4,0.455,0.542,0.347,0.631,0.554,0.507,Moderate,0.333,"Face (0.631), Metadata (0.554)",98.0,Top 5% Most Anomalous
cdphtzqrvp.mp4,0.601,0.551,0.57,0.432,0.32,0.502,Moderate,0.333,"Spatial (0.601), Color (0.57)",97.75,Top 5% Most Anomalous
ecnihjlfyt.mp4,0.564,0.657,0.402,0.445,0.337,0.5,Moderate,0.333,"Temporal (0.657), Spatial (0.564)",97.5,Top 5% Most Anomalous
avfitoutyn.mp4,0.453,0.674,0.517,0.489,0.329,0.498,Moderate,0.333,"Temporal (0.674), Color (0.517)",97.25,Top 5% Most Anomalous
alvgwypubw.mp4,0.381,0.706,0.378,0.365,0.577,0.498,Moderate,0.333,"Temporal (0.706), Metadata (0.577)",97.0,Top 5% Most Anomalous
ehtdtkmmli.mp4,0.602,0.555,0.568,0.394,0.319,0.497,Moderate,0.333,"Spatial (0.602), Color (0.568)",96.75,Top 5% Most Anomalous
bopqhhalml.mp4,0.482,0.586,0.344,0.452,0.553,0.497,Moderate,0.0,"Temporal (0.586), Metadata (0.553)",96.5,Top 5% Most Anomalous
cettndmvzl.mp4,0.569,0.682,0.41,0.36,0.339,0.496,Moderate,0.333,"Temporal (0.682), Spatial (0.569)",96.25,Top 5% Most Anomalous
bhbdugnurr.mp4,0.365,0.713,0.377,0.362,0.576,0.496,Moderate,0.333,"Temporal (0.713), Metadata (0.576)",96.0,Top 5% Most Anomalous
aneclqfpbt.mp4,0.493,0.55,0.484,0.651,0.316,0.494,Moderate,0.333,"Face (0.651), Temporal (0.55)",95.75,Top 5% Most Anomalous
arlmiizoob.mp4,0.506,0.717,0.48,0.335,0.32,0.492,Moderate,0.333,"Temporal (0.717), Spatial (0.506)",95.5,Top 5% Most Anomalous
esnntzzajv.mp4,0.333,0.492,0.427,0.368,0.832,0.492,Moderate,0.333,"Metadata (0.832), Temporal (0.492)",95.25,Top 5% Most Anomalous
bqhtpqmmqp.mp4,0.498,0.685,0.482,0.353,0.321,0.485,Moderate,0.333,"Temporal (0.685), Spatial (0.498)",95.0,Top 5% Most Anomalous
dntkzzzcdh.mp4,0.611,0.459,0.629,0.366,0.331,0.483,Moderate,0.667,"Color (0.629), Spatial (0.611)",94.75,Top 10%
duvyaxbzvp.mp4,0.636,0.608,0.388,0.33,0.319,0.483,Moderate,0.667,"Spatial (0.636), Temporal (0.608)",94.5,Top 10%
dkuayagnmc.mp4,0.517,0.599,0.407,0.35,0.438,0.48,Moderate,0.0,"Temporal (0.599), Spatial (0.517)",94.25,Top 10%
diopzaywor.mp4,0.636,0.595,0.388,0.332,0.319,0.48,Moderate,0.333,"Spatial (0.636), Temporal (0.595)",94.0,Top 10%
aladcziidp.mp4,0.334,0.436,0.428,0.367,0.831,0.478,Moderate,0.333,"Metadata (0.831), Temporal (0.436)",93.75,Top 10%
dsjbknkujw.mp4,0.596,0.451,0.539,0.372,0.397,0.478,Moderate,0.0,"Spatial (0.596), Color (0.539)",93.5,Top 10%
bahdpoesir.mp4,0.45,0.638,0.414,0.366,0.442,0.477,Moderate,0.333,"Temporal (0.638), Spatial (0.45)",93.25,Top 10%
diomeixhrg.mp4,0.389,0.603,0.375,0.371,0.587,0.477,Moderate,0.333,"Temporal (0.603), Metadata (0.587)",93.0,Top 10%
afoovlsmtx.mp4,0.373,0.604,0.39,0.377,0.585,0.476,Moderate,0.333,"Temporal (0.604), Metadata (0.585)",92.75,Top 10%
duzuusuajr.mp4,0.641,0.579,0.388,0.327,0.319,0.476,Moderate,0.333,"Spatial (0.641), Temporal (0.579)",92.5,Top 10%
ahbweevwpv.mp4,0.504,0.59,0.409,0.357,0.437,0.476,Moderate,0.0,"Temporal (0.59), Spatial (0.504)",92.25,Top 10%
aagfhgtpmv.mp4,0.47,0.621,0.401,0.365,0.439,0.475,Moderate,0.333,"Temporal (0.621), Spatial (0.47)",92.0,Top 10%
bmhvktyiwp.mp4,0.393,0.592,0.374,0.365,0.587,0.474,Moderate,0.0,"Temporal (0.592), Metadata (0.587)",91.75,Top 10%
dnexlwbcxq.mp4,0.596,0.431,0.644,0.368,0.328,0.474,Moderate,0.333,"Color (0.644), Spatial (0.596)",91.5,Top 10%
etmcruaihe.mp4,0.376,0.597,0.392,0.367,0.581,0.473,Moderate,0.0,"Temporal (0.597), Metadata (0.581)",91.25,Top 10%
bguwlyazau.mp4,0.606,0.443,0.534,0.371,0.375,0.473,Moderate,0.333,"Spatial (0.606), Color (0.534)",91.0,Top 10%
eepezmygaq.mp4,0.696,0.379,0.582,0.345,0.319,0.472,Moderate,0.333,"Spatial (0.696), Color (0.582)",90.75,Top 10%
akxoopqjqz.mp4,0.503,0.62,0.479,0.352,0.32,0.469,Moderate,0.333,"Temporal (0.62), Spatial (0.503)",90.5,Top 10%
cbbibzcoih.mp4,0.384,0.678,0.499,0.37,0.367,0.469,Moderate,0.333,"Temporal (0.678), Color (0.499)",90.25,Top 10%
cqhngvpgyi.mp4,0.404,0.66,0.531,0.368,0.336,0.468,Moderate,0.333,"Temporal (0.66), Color (0.531)",90.0,Top 10%
bmjzrlszhi.mp4,0.504,0.428,0.517,0.614,0.316,0.466,Moderate,0.333,"Face (0.614), Color (0.517)",89.75,Top 25%
aelfnikyqj.mp4,0.599,0.414,0.534,0.373,0.383,0.466,Moderate,0.0,"Spatial (0.599), Color (0.534)",89.5,Top 25%
cttqtsjvgn.mp4,0.483,0.656,0.363,0.336,0.379,0.466,Moderate,0.333,"Temporal (0.656), Spatial (0.483)",89.25,Top 25%
curpwogllm.mp4,0.447,0.614,0.409,0.348,0.433,0.465,Moderate,0.333,"Temporal (0.614), Spatial (0.447)",89.0,Top 25%
byunigvnay.mp4,0.509,0.57,0.563,0.321,0.313,0.465,Moderate,0.0,"Temporal (0.57), Color (0.563)",88.75,Top 25%
asvcrfdpnq.mp4,0.406,0.657,0.378,0.358,0.442,0.465,Moderate,0.333,"Temporal (0.657), Metadata (0.442)",88.5,Top 25%
cwbacdwrzo.mp4,0.567,0.46,0.526,0.416,0.323,0.463,Moderate,0.0,"Spatial (0.567), Color (0.526)",88.25,Top 25%
bxzakyopjf.mp4,0.403,0.617,0.478,0.368,0.404,0.463,Moderate,0.333,"Temporal (0.617), Color (0.478)",88.0,Top 25%
atvmxvwyns.mp4,0.365,0.459,0.613,0.619,0.358,0.463,Moderate,0.667,"Face (0.619), Color (0.613)",87.75,Top 25%
czkdanyadc.mp4,0.506,0.566,0.48,0.388,0.321,0.462,Moderate,0.0,"Temporal (0.566), Spatial (0.506)",87.5,Top 25%
erqgqacbqe.mp4,0.512,0.573,0.563,0.292,0.313,0.462,Moderate,0.0,"Temporal (0.573), Color (0.563)",87.25,Top 25%
bqkdbcqjvb.mp4,0.365,0.458,0.613,0.619,0.357,0.462,Moderate,0.667,"Face (0.619), Color (0.613)",87.0,Top 25%
abarnvbtwb.mp4,0.697,0.369,0.586,0.298,0.314,0.462,Moderate,0.333,"Spatial (0.697), Color (0.586)",86.75,Top 25%
acxwigylke.mp4,0.327,0.378,0.421,0.373,0.833,0.462,Moderate,0.333,"Metadata (0.833), Color (0.421)",86.5,Top 25%
cdyakrxkia.mp4,0.365,0.459,0.613,0.619,0.356,0.462,Moderate,0.667,"Face (0.619), Color (0.613)",86.25,Top 25%
eoewqcpbgt.mp4,0.364,0.459,0.613,0.619,0.356,0.462,Moderate,0.667,"Face (0.619), Color (0.613)",86.0,Top 25%
ckjaibzfxa.mp4,0.393,0.457,0.574,0.619,0.35,0.462,Moderate,0.333,"Face (0.619), Color (0.574)",85.75,Top 25%
avvdgsennp.mp4,0.364,0.459,0.612,0.619,0.355,0.462,Moderate,0.667,"Face (0.619), Color (0.612)",85.5,Top 25%
dhoqofwoxa.mp4,0.364,0.458,0.612,0.619,0.354,0.461,Moderate,0.667,"Face (0.619), Color (0.612)",85.25,Top 25%
altziddtxi.mp4,0.499,0.631,0.481,0.282,0.32,0.461,Moderate,0.333,"Temporal (0.631), Spatial (0.499)",85.0,Top 25%
cwqlvzefpg.mp4,0.362,0.458,0.613,0.619,0.357,0.461,Moderate,0.667,"Face (0.619), Color (0.613)",84.75,Top 25%
dqnyszdong.mp4,0.362,0.458,0.613,0.619,0.356,0.461,Moderate,0.667,"Face (0.619), Color (0.613)",84.5,Top 25%
axwgcsyphv.mp4,0.362,0.459,0.613,0.619,0.355,0.461,Moderate,0.667,"Face (0.619), Color (0.613)",84.25,Top 25%
chtapglbcj.mp4,0.473,0.57,0.406,0.347,0.436,0.461,Moderate,0.0,"Temporal (0.57), Spatial (0.473)",84.0,Top 25%
andaxzscny.mp4,0.362,0.457,0.613,0.619,0.357,0.461,Moderate,0.667,"Face (0.619), Color (0.613)",83.75,Top 25%
bourlmzsio.mp4,0.394,0.622,0.473,0.368,0.403,0.461,Moderate,0.333,"Temporal (0.622), Color (0.473)",83.5,Top 25%
bbvgxeczei.mp4,0.362,0.457,0.612,0.619,0.357,0.461,Moderate,0.667,"Face (0.619), Color (0.612)",83.25,Top 25%
adohikbdaz.mp4,0.416,0.589,0.478,0.367,0.41,0.46,Moderate,0.0,"Temporal (0.589), Color (0.478)",83.0,Top 25%
atyntldecu.mp4,0.446,0.583,0.517,0.397,0.328,0.46,Moderate,0.0,"Temporal (0.583), Color (0.517)",82.75,Top 25%
dbhrpizyeq.mp4,0.328,0.37,0.421,0.371,0.833,0.46,Moderate,0.333,"Metadata (0.833), Color (0.421)",82.5,Top 25%
czmqpxrqoh.mp4,0.365,0.455,0.613,0.607,0.357,0.459,Moderate,0.667,"Color (0.613), Face (0.607)",82.25,Top 25%
djvutyvaio.mp4,0.365,0.455,0.612,0.607,0.356,0.459,Moderate,0.667,"Color (0.612), Face (0.607)",82.0,Top 25%
dkhlttuvmx.mp4,0.361,0.458,0.613,0.607,0.357,0.459,Moderate,0.667,"Color (0.613), Face (0.607)",81.75,Top 25%
bkwxhglwct.mp4,0.378,0.459,0.577,0.619,0.348,0.458,Moderate,0.333,"Face (0.619), Color (0.577)",81.5,Top 25%
bdnaqemxmr.mp4,0.475,0.606,0.356,0.352,0.409,0.458,Moderate,0.333,"Temporal (0.606), Spatial (0.475)",81.25,Top 25%
dzyuwjkjui.mp4,0.374,0.459,0.578,0.619,0.35,0.458,Moderate,0.333,"Face (0.619), Color (0.578)",81.0,Top 25%
beyebyhrph.mp4,0.45,0.625,0.36,0.365,0.402,0.458,Moderate,0.333,"Temporal (0.625), Spatial (0.45)",80.75,Top 25%
esyhwdfnxs.mp4,0.36,0.454,0.613,0.607,0.357,0.458,Moderate,0.667,"Color (0.613), Face (0.607)",80.5,Top 25%
dnhvalzvrt.mp4,0.591,0.414,0.51,0.373,0.37,0.458,Moderate,0.0,"Spatial (0.591), Color (0.51)",80.25,Top 25%
eiwopxzjfn.mp4,0.379,0.459,0.575,0.619,0.344,0.457,Moderate,0.333,"Face (0.619), Color (0.575)",80.0,Top 25%
ayqvfdhslr.mp4,0.377,0.458,0.575,0.619,0.347,0.457,Moderate,0.333,"Face (0.619), Color (0.575)",79.75,Top 25%
dsdoseflas.mp4,0.374,0.459,0.577,0.619,0.347,0.457,Moderate,0.333,"Face (0.619), Color (0.577)",79.5,Top 25%
asmpfjfzif.mp4,0.373,0.458,0.576,0.619,0.348,0.457,Moderate,0.333,"Face (0.619), Color (0.576)",79.25,Top 25%
bgaogsjehq.mp4,0.374,0.459,0.574,0.619,0.345,0.456,Moderate,0.333,"Face (0.619), Color (0.574)",79.0,Top 25%
bulkxhhknf.mp4,0.589,0.354,0.506,0.373,0.442,0.456,Moderate,0.0,"Spatial (0.589), Color (0.506)",78.75,Top 25%
ahqqqilsxt.mp4,0.589,0.38,0.51,0.373,0.406,0.456,Moderate,0.0,"Spatial (0.589), Color (0.51)",78.5,Top 25%
aorjvbyxhw.mp4,0.587,0.35,0.509,0.373,0.441,0.455,Moderate,0.0,"Spatial (0.587), Color (0.509)",78.25,Top 25%
cepxysienc.mp4,0.587,0.362,0.511,0.373,0.421,0.454,Moderate,0.0,"Spatial (0.587), Color (0.511)",78.0,Top 25%
axntxmycwd.mp4,0.333,0.632,0.462,0.373,0.434,0.453,Moderate,0.333,"Temporal (0.632), Color (0.462)",77.75,Top 25%
byijojkdba.mp4,0.323,0.355,0.413,0.372,0.83,0.453,Moderate,0.333,"Metadata (0.83), Color (0.413)",77.5,Top 25%
dxbqjxrhin.mp4,0.471,0.437,0.421,0.583,0.377,0.453,Moderate,0.0,"Face (0.583), Spatial (0.471)",77.25,Top 25%
drtbksnpol.mp4,0.359,0.456,0.574,0.619,0.347,0.452,Moderate,0.333,"Face (0.619), Color (0.574)",77.0,Top 25%
etohcvnzbj.mp4,0.462,0.598,0.352,0.352,0.409,0.452,Moderate,0.0,"Temporal (0.598), Spatial (0.462)",76.75,Top 25%
emaalmsonj.mp4,0.357,0.456,0.575,0.619,0.347,0.452,Moderate,0.333,"Face (0.619), Color (0.575)",76.5,Top 25%
dtbpmdqvao.mp4,0.377,0.442,0.578,0.607,0.348,0.452,Moderate,0.333,"Face (0.607), Color (0.578)",76.25,Top 25%
aybgughjxh.mp4,0.586,0.362,0.509,0.372,0.413,0.452,Moderate,0.0,"Spatial (0.586), Color (0.509)",76.0,Top 25%
aettqgevhz.mp4,0.563,0.46,0.508,0.368,0.32,0.451,Moderate,0.0,"Spatial (0.563), Color (0.508)",75.75,Top 25%
ceymbecxnj.mp4,0.375,0.437,0.578,0.607,0.348,0.45,Moderate,0.333,"Face (0.607), Color (0.578)",75.5,Top 25%
axczxisdtb.mp4,0.514,0.493,0.48,0.409,0.321,0.449,Low,0.0,"Spatial (0.514), Temporal (0.493)",75.25,Top 25%
dqswpjoepo.mp4,0.382,0.706,0.407,0.321,0.337,0.448,Low,0.333,"Temporal (0.706), Color (0.407)",75.0,Top 25%
chzieimrwu.mp4,0.33,0.328,0.415,0.37,0.831,0.448,Low,0.333,"Metadata (0.831), Color (0.415)",74.75,Above Median
btxlttbpkj.mp4,0.583,0.347,0.511,0.373,0.416,0.448,Low,0.0,"Spatial (0.583), Color (0.511)",74.5,Above Median
ddepeddixj.mp4,0.331,0.336,0.42,0.343,0.833,0.448,Low,0.333,"Metadata (0.833), Color (0.42)",74.25,Above Median
cxttmymlbn.mp4,0.577,0.404,0.527,0.373,0.338,0.448,Low,0.0,"Spatial (0.577), Color (0.527)",74.0,Above Median
dkzvdrzcnr.mp4,0.567,0.41,0.524,0.373,0.343,0.447,Low,0.0,"Spatial (0.567), Color (0.524)",73.75,Above Median
atxvxouljq.mp4,0.445,0.529,0.41,0.352,0.448,0.447,Low,0.0,"Temporal (0.529), Metadata (0.448)",73.5,Above Median
aknbdpmgua.mp4,0.528,0.406,0.633,0.368,0.316,0.447,Low,0.333,"Color (0.633), Spatial (0.528)",73.25,Above Median
bhsluedavd.mp4,0.379,0.7,0.407,0.321,0.337,0.446,Low,0.333,"Temporal (0.7), Color (0.407)",73.0,Above Median
beboztfcme.mp4,0.336,0.31,0.422,0.372,0.829,0.446,Low,0.333,"Metadata (0.829), Color (0.422)",72.75,Above Median
elvvackpjh.mp4,0.554,0.358,0.644,0.368,0.332,0.446,Low,0.333,"Color (0.644), Spatial (0.554)",72.5,Above Median
awukslzjra.mp4,0.522,0.377,0.476,0.566,0.314,0.444,Low,0.0,"Face (0.566), Spatial (0.522)",72.25,Above Median
bdxuhamuqx.mp4,0.561,0.415,0.528,0.37,0.324,0.444,Low,0.0,"Spatial (0.561), Color (0.528)",72.0,Above Median
etejaapnxh.mp4,0.646,0.353,0.49,0.372,0.32,0.443,Low,0.333,"Spatial (0.646), Color (0.49)",71.75,Above Median
axoygtekut.mp4,0.329,0.323,0.415,0.34,0.83,0.443,Low,0.333,"Metadata (0.83), Color (0.415)",71.5,Above Median
eajlrktemq.mp4,0.43,0.621,0.414,0.372,0.307,0.442,Low,0.333,"Temporal (0.621), Spatial (0.43)",71.25,Above Median
ehfiekigla.mp4,0.597,0.366,0.509,0.368,0.348,0.442,Low,0.0,"Spatial (0.597), Color (0.509)",71.0,Above Median
ekhacizpah.mp4,0.495,0.5,0.403,0.366,0.387,0.442,Low,0.0,"Temporal (0.5), Spatial (0.495)",70.75,Above Median
dkrvorliqc.mp4,0.484,0.531,0.399,0.334,0.384,0.441,Low,0.0,"Temporal (0.531), Spatial (0.484)",70.5,Above Median
bqdjzqhcft.mp4,0.582,0.347,0.522,0.438,0.321,0.44,Low,0.0,"Spatial (0.582), Color (0.522)",70.25,Above Median
augtsuxpzc.mp4,0.452,0.513,0.416,0.339,0.424,0.439,Low,0.0,"Temporal (0.513), Spatial (0.452)",70.0,Above Median
avmjormvsx.mp4,0.593,0.355,0.505,0.373,0.354,0.439,Low,0.0,"Spatial (0.593), Color (0.505)",69.75,Above Median
dhevettufk.mp4,0.299,0.332,0.424,0.336,0.835,0.439,Low,0.333,"Metadata (0.835), Color (0.424)",69.5,Above Median
egghxjjmfg.mp4,0.483,0.525,0.4,0.321,0.391,0.438,Low,0.0,"Temporal (0.525), Spatial (0.483)",69.25,Above Median
dvumqqhoac.mp4,0.38,0.451,0.566,0.499,0.339,0.435,Low,0.0,"Color (0.566), Face (0.499)",69.0,Above Median
cppdvdejkc.mp4,0.304,0.327,0.424,0.305,0.838,0.435,Low,0.333,"Metadata (0.838), Color (0.424)",68.75,Above Median
byofowlkki.mp4,0.403,0.521,0.494,0.365,0.373,0.434,Low,0.0,"Temporal (0.521), Color (0.494)",68.5,Above Median
dafhtipaml.mp4,0.584,0.393,0.558,0.298,0.308,0.434,Low,0.0,"Spatial (0.584), Color (0.558)",68.25,Above Median
cfyduhpbps.mp4,0.479,0.43,0.415,0.524,0.329,0.434,Low,0.0,"Face (0.524), Spatial (0.479)",68.0,Above Median
eeyhxisdfh.mp4,0.378,0.451,0.567,0.484,0.339,0.433,Low,0.0,"Color (0.567), Face (0.484)",67.75,Above Median
dozyddhild.mp4,0.314,0.281,0.417,0.371,0.829,0.433,Low,0.333,"Metadata (0.829), Color (0.417)",67.5,Above Median
cffffbcywc.mp4,0.403,0.581,0.478,0.357,0.307,0.433,Low,0.0,"Temporal (0.581), Color (0.478)",67.25,Above Median
dbzcqmxzaj.mp4,0.523,0.355,0.633,0.366,0.315,0.432,Low,0.333,"Color (0.633), Spatial (0.523)",67.0,Above Median
cthdnahrkh.mp4,0.55,0.37,0.571,0.369,0.308,0.432,Low,0.0,"Color (0.571), Spatial (0.55)",66.75,Above Median
alaijyygdv.mp4,0.3,0.324,0.423,0.306,0.835,0.432,Low,0.333,"Metadata (0.835), Color (0.423)",66.5,Above Median
eebrkicpry.mp4,0.356,0.588,0.516,0.369,0.316,0.432,Low,0.0,"Temporal (0.588), Color (0.516)",66.25,Above Median
bkmdzhfzfh.mp4,0.497,0.438,0.497,0.383,0.326,0.431,Low,0.0,"Spatial (0.497), Color (0.497)",66.0,Above Median
eahlqmfvtj.mp4,0.378,0.449,0.566,0.476,0.339,0.431,Low,0.0,"Color (0.566), Face (0.476)",65.75,Above Median
ehieahnhte.mp4,0.359,0.632,0.418,0.345,0.338,0.43,Low,0.333,"Temporal (0.632), Color (0.418)",65.5,Above Median
bndybcqhfr.mp4,0.485,0.345,0.404,0.651,0.321,0.43,Low,0.333,"Face (0.651), Spatial (0.485)",65.25,Above Median
bydaidkpdp.mp4,0.569,0.299,0.632,0.371,0.312,0.43,Low,0.333,"Color (0.632), Spatial (0.569)",65.0,Above Median
avssvvsdhz.mp4,0.572,0.294,0.633,0.366,0.313,0.429,Low,0.333,"Color (0.633), Spatial (0.572)",64.75,Above Median
djvtbgwdcc.mp4,0.432,0.508,0.37,0.335,0.442,0.429,Low,0.0,"Temporal (0.508), Metadata (0.442)",64.5,Above Median
crktehraph.mp4,0.532,0.372,0.573,0.371,0.306,0.429,Low,0.0,"Color (0.573), Spatial (0.532)",64.25,Above Median
bddjdhzfze.mp4,0.506,0.388,0.58,0.372,0.312,0.429,Low,0.0,"Color (0.58), Spatial (0.506)",64.0,Above Median
dlrsbscitn.mp4,0.399,0.586,0.478,0.328,0.307,0.429,Low,0.0,"Temporal (0.586), Color (0.478)",63.75,Above Median
cmxcfkrjiv.mp4,0.402,0.574,0.478,0.341,0.309,0.428,Low,0.0,"Temporal (0.574), Color (0.478)",63.5,Above Median
cwsbspfzck.mp4,0.598,0.34,0.489,0.369,0.321,0.427,Low,0.0,"Spatial (0.598), Color (0.489)",63.25,Above Median
clrycekyst.mp4,0.344,0.63,0.407,0.373,0.335,0.427,Low,0.333,"Temporal (0.63), Color (0.407)",63.0,Above Median
bdgipnyobr.mp4,0.494,0.504,0.402,0.347,0.323,0.426,Low,0.0,"Temporal (0.504), Spatial (0.494)",62.75,Above Median
aufmsmnoye.mp4,0.442,0.371,0.385,0.673,0.322,0.426,Low,0.333,"Face (0.673), Spatial (0.442)",62.5,Above Median
egbbcxcuqy.mp4,0.326,0.58,0.536,0.371,0.314,0.426,Low,0.0,"Temporal (0.58), Color (0.536)",62.25,Above Median
bntlodcfeg.mp4,0.578,0.345,0.521,0.346,0.323,0.426,Low,0.0,"Spatial (0.578), Color (0.521)",62.0,Above Median
ehbnclaukr.mp4,0.361,0.433,0.564,0.509,0.328,0.425,Low,0.0,"Color (0.564), Face (0.509)",61.75,Above Median
cqrskwiqng.mp4,0.488,0.347,0.401,0.603,0.318,0.423,Low,0.333,"Face (0.603), Spatial (0.488)",61.5,Above Median
dvakowbgbt.mp4,0.533,0.394,0.485,0.37,0.312,0.422,Low,0.0,"Spatial (0.533), Color (0.485)",61.25,Above Median
eprybmbpba.mp4,0.379,0.449,0.566,0.418,0.339,0.422,Low,0.0,"Color (0.566), Temporal (0.449)",61.0,Above Median
elginszwtk.mp4,0.362,0.437,0.563,0.481,0.328,0.422,Low,0.0,"Color (0.563), Face (0.481)",60.75,Above Median
adhsbajydo.mp4,0.366,0.457,0.613,0.348,0.358,0.421,Low,0.333,"Color (0.613), Temporal (0.457)",60.5,Above Median
dzieklokdr.mp4,0.476,0.506,0.402,0.345,0.317,0.421,Low,0.0,"Temporal (0.506), Spatial (0.476)",60.25,Above Median
cyclgfjdrv.mp4,0.366,0.442,0.612,0.374,0.355,0.421,Low,0.333,"Color (0.612), Temporal (0.442)",60.0,Above Median
cycacemkmt.mp4,0.365,0.455,0.612,0.348,0.357,0.421,Low,0.333,"Color (0.612), Temporal (0.455)",59.75,Above Median
abofeumbvv.mp4,0.365,0.455,0.613,0.348,0.357,0.42,Low,0.333,"Color (0.613), Temporal (0.455)",59.5,Above Median
etdcqxabww.mp4,0.362,0.442,0.564,0.458,0.328,0.42,Low,0.0,"Color (0.564), Face (0.458)",59.25,Above Median
cnilkgvfei.mp4,0.539,0.373,0.497,0.345,0.324,0.419,Low,0.0,"Spatial (0.539), Color (0.497)",59.0,Above Median
bvzjkezkms.mp4,0.443,0.377,0.414,0.595,0.315,0.419,Low,0.0,"Face (0.595), Spatial (0.443)",58.75,Above Median
byfenovjnf.mp4,0.36,0.434,0.564,0.469,0.328,0.419,Low,0.0,"Color (0.564), Face (0.469)",58.5,Above Median
atkdltyyen.mp4,0.565,0.324,0.522,0.37,0.314,0.419,Low,0.0,"Spatial (0.565), Color (0.522)",58.25,Above Median
eckvhdusax.mp4,0.342,0.57,0.446,0.373,0.339,0.419,Low,0.0,"Temporal (0.57), Color (0.446)",58.0,Above Median
ebeknhudxq.mp4,0.361,0.452,0.612,0.349,0.357,0.419,Low,0.333,"Color (0.612), Temporal (0.452)",57.75,Above Median
bhpwpydzpo.mp4,0.481,0.338,0.401,0.596,0.318,0.418,Low,0.0,"Face (0.596), Spatial (0.481)",57.5,Above Median
avtycwsgyb.mp4,0.375,0.454,0.565,0.39,0.339,0.418,Low,0.0,"Color (0.565), Temporal (0.454)",57.25,Above Median
dnyvfblxpm.mp4,0.341,0.569,0.446,0.373,0.337,0.418,Low,0.0,"Temporal (0.569), Color (0.446)",57.0,Above Median
ensyyivobf.mp4,0.316,0.638,0.383,0.4,0.307,0.418,Low,0.333,"Temporal (0.638), Face (0.4)",56.75,Above Median
cyboodqqyr.mp4,0.364,0.428,0.613,0.374,0.357,0.417,Low,0.333,"Color (0.613), Temporal (0.428)",56.5,Above Median
aklqzsddfl.mp4,0.379,0.452,0.567,0.372,0.34,0.417,Low,0.0,"Color (0.567), Temporal (0.452)",56.25,Above Median
eejswgycjc.mp4,0.375,0.455,0.565,0.375,0.339,0.416,Low,0.0,"Color (0.565), Temporal (0.455)",56.0,Above Median
ebywfrmhtd.mp4,0.382,0.383,0.48,0.564,0.341,0.416,Low,0.0,"Face (0.564), Color (0.48)",55.75,Above Median
dakiztgtnw.mp4,0.344,0.574,0.444,0.347,0.337,0.415,Low,0.0,"Temporal (0.574), Color (0.444)",55.5,Above Median
ahfazfbntc.mp4,0.57,0.332,0.477,0.371,0.312,0.415,Low,0.0,"Spatial (0.57), Color (0.477)",55.25,Above Median
cferslmfwh.mp4,0.486,0.449,0.424,0.335,0.336,0.415,Low,0.0,"Spatial (0.486), Temporal (0.449)",55.0,Above Median
cksanfsjhc.mp4,0.565,0.317,0.519,0.349,0.32,0.415,Low,0.0,"Spatial (0.565), Color (0.519)",54.75,Above Median
bvgwelbeof.mp4,0.477,0.347,0.382,0.58,0.318,0.414,Low,0.0,"Face (0.58), Spatial (0.477)",54.5,Above Median
asdpeebotb.mp4,0.379,0.444,0.564,0.369,0.339,0.414,Low,0.0,"Color (0.564), Temporal (0.444)",54.25,Above Median
duycddgtrl.mp4,0.339,0.499,0.416,0.517,0.32,0.414,Low,0.0,"Face (0.517), Temporal (0.499)",54.0,Above Median
dtocdfbwca.mp4,0.342,0.568,0.444,0.347,0.334,0.413,Low,0.0,"Temporal (0.568), Color (0.444)",53.75,Above Median
bgvhtpzknn.mp4,0.436,0.385,0.409,0.545,0.316,0.412,Low,0.0,"Face (0.545), Spatial (0.436)",53.5,Above Median
errocgcham.mp4,0.381,0.379,0.48,0.545,0.341,0.412,Low,0.0,"Face (0.545), Color (0.48)",53.25,Above Median
degpbqvcay.mp4,0.436,0.37,0.418,0.563,0.315,0.412,Low,0.0,"Face (0.563), Spatial (0.436)",53.0,Above Median
aknmpoonls.mp4,0.486,0.355,0.403,0.514,0.319,0.411,Low,0.0,"Face (0.514), Spatial (0.486)",52.75,Above Median
eggbjzxnmg.mp4,0.461,0.449,0.421,0.307,0.373,0.411,Low,0.0,"Spatial (0.461), Temporal (0.449)",52.5,Above Median
ekcrtigpab.mp4,0.442,0.376,0.414,0.548,0.312,0.411,Low,0.0,"Face (0.548), Spatial (0.442)",52.25,Above Median
akzbnazxtz.mp4,0.443,0.381,0.386,0.55,0.322,0.411,Low,0.0,"Face (0.55), Spatial (0.443)",52.0,Above Median
diuzrpqjli.mp4,0.445,0.435,0.416,0.345,0.384,0.411,Low,0.0,"Spatial (0.445), Temporal (0.435)",51.75,Above Median
ehccixxzoe.mp4,0.42,0.505,0.384,0.402,0.308,0.411,Low,0.0,"Temporal (0.505), Spatial (0.42)",51.5,Above Median
cfxkpiweqt.mp4,0.361,0.459,0.418,0.52,0.321,0.41,Low,0.0,"Face (0.52), Temporal (0.459)",51.25,Above Median
eukvucdetx.mp4,0.383,0.416,0.571,0.363,0.346,0.409,Low,0.0,"Color (0.571), Temporal (0.416)",51.0,Above Median
bjkmjilrxp.mp4,0.48,0.319,0.402,0.568,0.318,0.409,Low,0.0,"Face (0.568), Spatial (0.48)",50.75,Above Median
bmjmjmbglm.mp4,0.481,0.335,0.383,0.551,0.319,0.408,Low,0.0,"Face (0.551), Spatial (0.481)",50.5,Above Median
eiriyukqqy.mp4,0.458,0.332,0.614,0.368,0.315,0.408,Low,0.333,"Color (0.614), Spatial (0.458)",50.25,Above Median
edyncaijwx.mp4,0.497,0.42,0.418,0.332,0.329,0.408,Low,0.0,"Spatial (0.497), Temporal (0.42)",50.0,Above Median
ajqslcypsw.mp4,0.327,0.514,0.418,0.472,0.319,0.408,Low,0.0,"Temporal (0.514), Face (0.472)",49.75,Below Median
eudeqjhdfd.mp4,0.489,0.412,0.419,0.298,0.374,0.408,Low,0.0,"Spatial (0.489), Color (0.419)",49.5,Below Median
dhcndnuwta.mp4,0.473,0.408,0.424,0.316,0.379,0.407,Low,0.0,"Spatial (0.473), Color (0.424)",49.25,Below Median
dakqwktlbi.mp4,0.363,0.42,0.612,0.323,0.354,0.407,Low,0.333,"Color (0.612), Temporal (0.42)",49.0,Below Median
aczrgyricp.mp4,0.53,0.337,0.483,0.369,0.31,0.406,Low,0.0,"Spatial (0.53), Color (0.483)",48.75,Below Median
doanjploai.mp4,0.508,0.406,0.4,0.371,0.31,0.406,Low,0.0,"Spatial (0.508), Temporal (0.406)",48.5,Below Median
esyrimvzsa.mp4,0.375,0.453,0.565,0.309,0.339,0.406,Low,0.0,"Color (0.565), Temporal (0.453)",48.25,Below Median
bmehkyanbj.mp4,0.433,0.348,0.419,0.564,0.316,0.406,Low,0.0,"Face (0.564), Spatial (0.433)",48.0,Below Median
dgxrqjdomn.mp4,0.342,0.525,0.416,0.418,0.321,0.406,Low,0.0,"Temporal (0.525), Face (0.418)",47.75,Below Median
chviwxsfhg.mp4,0.488,0.397,0.418,0.331,0.361,0.406,Low,0.0,"Spatial (0.488), Color (0.418)",47.5,Below Median
apatcsqejh.mp4,0.5,0.434,0.421,0.289,0.328,0.405,Low,0.0,"Spatial (0.5), Temporal (0.434)",47.25,Below Median
alninxcyhg.mp4,0.371,0.325,0.39,0.364,0.59,0.405,Low,0.0,"Metadata (0.59), Color (0.39)",47.0,Below Median
blpchvmhxx.mp4,0.349,0.447,0.395,0.554,0.316,0.405,Low,0.0,"Face (0.554), Temporal (0.447)",46.75,Below Median
eebserckhh.mp4,0.381,0.428,0.562,0.33,0.338,0.404,Low,0.0,"Color (0.562), Temporal (0.428)",46.5,Below Median
ccfoszqabv.mp4,0.349,0.344,0.386,0.687,0.344,0.403,Low,0.333,"Face (0.687), Color (0.386)",46.25,Below Median
anpuvshzoo.mp4,0.368,0.417,0.505,0.456,0.313,0.403,Low,0.0,"Color (0.505), Face (0.456)",46.0,Below Median
dulanfulol.mp4,0.453,0.418,0.468,0.337,0.321,0.403,Low,0.0,"Color (0.468), Spatial (0.453)",45.75,Below Median
dofusvhnib.mp4,0.483,0.341,0.406,0.478,0.32,0.402,Low,0.0,"Spatial (0.483), Face (0.478)",45.5,Below Median
agrmhtjdlk.mp4,0.342,0.595,0.384,0.319,0.312,0.402,Low,0.0,"Temporal (0.595), Color (0.384)",45.25,Below Median
dcamvmuors.mp4,0.352,0.497,0.443,0.373,0.337,0.402,Low,0.0,"Temporal (0.497), Color (0.443)",45.0,Below Median
acqfdwsrhi.mp4,0.35,0.342,0.386,0.679,0.343,0.401,Low,0.333,"Face (0.679), Color (0.386)",44.75,Below Median
coadfnerlk.mp4,0.36,0.423,0.396,0.546,0.318,0.401,Low,0.0,"Face (0.546), Temporal (0.423)",44.5,Below Median
eczrseixwq.mp4,0.45,0.409,0.468,0.342,0.32,0.4,Low,0.0,"Color (0.468), Spatial (0.45)",44.25,Below Median
btohlidmru.mp4,0.372,0.437,0.491,0.372,0.339,0.399,Low,0.0,"Color (0.491), Temporal (0.437)",44.0,Below Median
eekozbeafq.mp4,0.421,0.482,0.394,0.35,0.309,0.399,Low,0.0,"Temporal (0.482), Spatial (0.421)",43.75,Below Median
drgjzlxzxj.mp4,0.469,0.376,0.507,0.323,0.318,0.399,Low,0.0,"Color (0.507), Spatial (0.469)",43.5,Below Median
bqeiblbxtl.mp4,0.314,0.525,0.44,0.373,0.335,0.399,Low,0.0,"Temporal (0.525), Color (0.44)",43.25,Below Median
cyxlcuyznd.mp4,0.367,0.434,0.492,0.372,0.341,0.398,Low,0.0,"Color (0.492), Temporal (0.434)",43.0,Below Median
ekkdjkirzq.mp4,0.374,0.539,0.354,0.353,0.319,0.398,Low,0.0,"Temporal (0.539), Spatial (0.374)",42.75,Below Median
bzmdrafeex.mp4,0.332,0.556,0.379,0.372,0.314,0.398,Low,0.0,"Temporal (0.556), Color (0.379)",42.5,Below Median
bwuwstvsbw.mp4,0.38,0.388,0.567,0.346,0.343,0.398,Low,0.0,"Color (0.567), Temporal (0.388)",42.25,Below Median
bnbuonyoje.mp4,0.358,0.3,0.449,0.688,0.309,0.397,Low,0.333,"Face (0.688), Color (0.449)",42.0,Below Median
deywhkarol.mp4,0.38,0.53,0.406,0.311,0.308,0.397,Low,0.0,"Temporal (0.53), Color (0.406)",41.75,Below Median
dsgpbgsrdm.mp4,0.342,0.542,0.374,0.347,0.337,0.397,Low,0.0,"Temporal (0.542), Color (0.374)",41.5,Below Median
ctpqeykqdp.mp4,0.314,0.518,0.44,0.373,0.335,0.397,Low,0.0,"Temporal (0.518), Color (0.44)",41.25,Below Median
bjsmaqefoi.mp4,0.368,0.43,0.491,0.371,0.339,0.396,Low,0.0,"Color (0.491), Temporal (0.43)",41.0,Below Median
boovltmuwi.mp4,0.446,0.316,0.406,0.55,0.311,0.396,Low,0.0,"Face (0.55), Spatial (0.446)",40.75,Below Median
cxrfacemmq.mp4,0.39,0.413,0.494,0.353,0.338,0.396,Low,0.0,"Color (0.494), Temporal (0.413)",40.5,Below Median
atzdznmder.mp4,0.402,0.435,0.503,0.313,0.314,0.394,Low,0.0,"Color (0.503), Temporal (0.435)",40.25,Below Median
bgwmmujlmc.mp4,0.392,0.505,0.373,0.347,0.309,0.394,Low,0.0,"Temporal (0.505), Spatial (0.392)",40.0,Below Median
ellavthztb.mp4,0.48,0.342,0.391,0.437,0.322,0.394,Low,0.0,"Spatial (0.48), Face (0.437)",39.75,Below Median
bqtuuwzdtr.mp4,0.468,0.355,0.507,0.322,0.318,0.394,Low,0.0,"Color (0.507), Spatial (0.468)",39.5,Below Median
dhkwmjxwrn.mp4,0.419,0.473,0.385,0.336,0.307,0.392,Low,0.0,"Temporal (0.473), Spatial (0.419)",39.25,Below Median
ebchwmwayp.mp4,0.422,0.458,0.385,0.343,0.307,0.391,Low,0.0,"Temporal (0.458), Spatial (0.422)",39.0,Below Median
arrhsnjqku.mp4,0.365,0.48,0.375,0.373,0.335,0.39,Low,0.0,"Temporal (0.48), Color (0.375)",38.75,Below Median
adylbeequz.mp4,0.39,0.397,0.493,0.346,0.338,0.39,Low,0.0,"Color (0.493), Temporal (0.397)",38.5,Below Median
dkdwxmtpuo.mp4,0.477,0.364,0.385,0.39,0.318,0.39,Low,0.0,"Spatial (0.477), Face (0.39)",38.25,Below Median
dubiroskqn.mp4,0.38,0.45,0.404,0.372,0.33,0.39,Low,0.0,"Temporal (0.45), Color (0.404)",38.0,Below Median
diqraixiov.mp4,0.371,0.423,0.428,0.418,0.321,0.39,Low,0.0,"Color (0.428), Temporal (0.423)",37.75,Below Median
dzvyfiarrq.mp4,0.386,0.492,0.373,0.347,0.31,0.39,Low,0.0,"Temporal (0.492), Spatial (0.386)",37.5,Below Median
dlpoieqvfb.mp4,0.387,0.409,0.494,0.32,0.341,0.389,Low,0.0,"Color (0.494), Temporal (0.409)",37.25,Below Median
bwipwzzxxu.mp4,0.359,0.416,0.396,0.482,0.318,0.389,Low,0.0,"Face (0.482), Temporal (0.416)",37.0,Below Median
ddqccgmtka.mp4,0.414,0.378,0.41,0.449,0.311,0.389,Low,0.0,"Face (0.449), Spatial (0.414)",36.75,Below Median
dbzpcjntve.mp4,0.471,0.366,0.39,0.379,0.319,0.388,Low,0.0,"Spatial (0.471), Color (0.39)",36.5,Below Median
dbhoxkblzx.mp4,0.37,0.41,0.472,0.371,0.324,0.386,Low,0.0,"Color (0.472), Temporal (0.41)",36.25,Below Median
erlvuvjsjf.mp4,0.358,0.438,0.408,0.423,0.312,0.386,Low,0.0,"Temporal (0.438), Face (0.423)",36.0,Below Median
cxfujlvsuw.mp4,0.37,0.408,0.472,0.369,0.324,0.386,Low,0.0,"Color (0.472), Temporal (0.408)",35.75,Below Median
dptbnjnkdg.mp4,0.349,0.363,0.396,0.578,0.308,0.386,Low,0.0,"Face (0.578), Color (0.396)",35.5,Below Median
ehevsxtecd.mp4,0.391,0.399,0.423,0.373,0.343,0.385,Low,0.0,"Color (0.423), Temporal (0.399)",35.25,Below Median
dxuplhwvig.mp4,0.423,0.422,0.33,0.373,0.343,0.385,Low,0.0,"Spatial (0.423), Temporal (0.422)",35.0,Below Median
ddjggcasdw.mp4,0.366,0.423,0.472,0.348,0.324,0.385,Low,0.0,"Color (0.472), Temporal (0.423)",34.75,Below Median
cwwandrkus.mp4,0.341,0.406,0.529,0.371,0.315,0.385,Low,0.0,"Color (0.529), Temporal (0.406)",34.5,Below Median
avywawptfc.mp4,0.397,0.354,0.51,0.368,0.326,0.385,Low,0.0,"Color (0.51), Spatial (0.397)",34.25,Below Median
bjjbwsqjir.mp4,0.385,0.402,0.425,0.373,0.342,0.385,Low,0.0,"Color (0.425), Temporal (0.402)",34.0,Below Median
aqpnvjhuzw.mp4,0.384,0.372,0.481,0.373,0.336,0.384,Low,0.0,"Color (0.481), Spatial (0.384)",33.75,Below Median
bdbhekrrwo.mp4,0.368,0.416,0.472,0.351,0.324,0.384,Low,0.0,"Color (0.472), Temporal (0.416)",33.5,Below Median
bnjcdrfuov.mp4,0.479,0.346,0.391,0.369,0.319,0.384,Low,0.0,"Spatial (0.479), Color (0.391)",33.25,Below Median
dxuliowugt.mp4,0.366,0.443,0.396,0.371,0.333,0.384,Low,0.0,"Temporal (0.443), Color (0.396)",33.0,Below Median
axwovszumc.mp4,0.362,0.311,0.415,0.607,0.312,0.384,Low,0.333,"Face (0.607), Color (0.415)",32.75,Below Median
ejkqesyvam.mp4,0.379,0.368,0.522,0.37,0.317,0.384,Low,0.0,"Color (0.522), Spatial (0.379)",32.5,Below Median
esgftaficx.mp4,0.4,0.349,0.509,0.361,0.326,0.383,Low,0.0,"Color (0.509), Spatial (0.4)",32.25,Below Median
cdbsbdymzd.mp4,0.384,0.367,0.481,0.372,0.336,0.383,Low,0.0,"Color (0.481), Spatial (0.384)",32.0,Below Median
eixwxvxbbn.mp4,0.349,0.418,0.468,0.37,0.323,0.382,Low,0.0,"Color (0.468), Temporal (0.418)",31.75,Below Median
azpuxunqyo.mp4,0.34,0.399,0.493,0.37,0.337,0.381,Low,0.0,"Color (0.493), Temporal (0.399)",31.5,Below Median
efdyrflcpg.mp4,0.384,0.361,0.481,0.371,0.336,0.381,Low,0.0,"Color (0.481), Spatial (0.384)",31.25,Below Median
cknyxaqouy.mp4,0.36,0.399,0.396,0.457,0.318,0.381,Low,0.0,"Face (0.457), Temporal (0.399)",31.0,Below Median
dboxtiehng.mp4,0.342,0.392,0.493,0.372,0.337,0.381,Low,0.0,"Color (0.493), Temporal (0.392)",30.75,Below Median
deyyistcrd.mp4,0.35,0.414,0.465,0.368,0.323,0.381,Low,0.0,"Color (0.465), Temporal (0.414)",30.5,Below Median
bilnggbxgu.mp4,0.399,0.412,0.4,0.372,0.309,0.38,Low,0.0,"Temporal (0.412), Color (0.4)",30.25,Below Median
ecujsjhscd.mp4,0.419,0.406,0.329,0.373,0.344,0.38,Low,0.0,"Spatial (0.419), Temporal (0.406)",30.0,Below Median
bweezhfpzp.mp4,0.349,0.412,0.465,0.369,0.323,0.38,Low,0.0,"Color (0.465), Temporal (0.412)",29.75,Below Median
ebebgmtlcu.mp4,0.355,0.426,0.468,0.33,0.323,0.38,Low,0.0,"Color (0.468), Temporal (0.426)",29.5,Below Median
bmbbkwmxqj.mp4,0.404,0.328,0.511,0.367,0.324,0.38,Low,0.0,"Color (0.511), Spatial (0.404)",29.25,Below Median
ajwpjhrbcv.mp4,0.342,0.442,0.402,0.373,0.337,0.379,Low,0.0,"Temporal (0.442), Color (0.402)",29.0,Below Median
ecuvtoltue.mp4,0.384,0.354,0.481,0.372,0.335,0.379,Low,0.0,"Color (0.481), Spatial (0.384)",28.75,Below Median
awhmfnnjih.mp4,0.415,0.31,0.519,0.364,0.329,0.379,Low,0.0,"Color (0.519), Spatial (0.415)",28.5,Below Median
cdaxixbosp.mp4,0.386,0.385,0.421,0.372,0.338,0.379,Low,0.0,"Color (0.421), Spatial (0.386)",28.25,Below Median
bzythlfnhq.mp4,0.342,0.44,0.401,0.373,0.337,0.379,Low,0.0,"Temporal (0.44), Color (0.401)",28.0,Below Median
dhjmzhrcav.mp4,0.38,0.4,0.425,0.347,0.341,0.379,Low,0.0,"Color (0.425), Temporal (0.4)",27.75,Below Median
brvqtabyxj.mp4,0.35,0.412,0.465,0.359,0.323,0.379,Low,0.0,"Color (0.465), Temporal (0.412)",27.5,Below Median
byqzyxifza.mp4,0.323,0.398,0.529,0.372,0.316,0.379,Low,0.0,"Color (0.529), Temporal (0.398)",27.25,Below Median
bmioepcpsx.mp4,0.429,0.36,0.444,0.347,0.313,0.379,Low,0.0,"Color (0.444), Spatial (0.429)",27.0,Below Median
asaxgevnnp.mp4,0.417,0.4,0.33,0.373,0.342,0.378,Low,0.0,"Spatial (0.417), Temporal (0.4)",26.75,Below Median
bhaaboftbc.mp4,0.39,0.414,0.445,0.32,0.31,0.378,Low,0.0,"Color (0.445), Temporal (0.414)",26.5,Below Median
cwrtyzndpx.mp4,0.323,0.396,0.53,0.37,0.316,0.378,Low,0.0,"Color (0.53), Temporal (0.396)",26.25,Below Median
bsfmwclnqy.mp4,0.41,0.372,0.393,0.373,0.335,0.377,Low,0.0,"Spatial (0.41), Color (0.393)",26.0,Below Median
cobjrlugvp.mp4,0.351,0.412,0.439,0.371,0.323,0.377,Low,0.0,"Color (0.439), Temporal (0.412)",25.75,Below Median
drcyabprvt.mp4,0.363,0.375,0.433,0.368,0.358,0.376,Low,0.0,"Color (0.433), Temporal (0.375)",25.5,Below Median
bbhpvrmbse.mp4,0.363,0.444,0.396,0.324,0.332,0.376,Low,0.0,"Temporal (0.444), Color (0.396)",25.25,Below Median
ebkzwjgjhq.mp4,0.31,0.402,0.529,0.371,0.316,0.376,Low,0.0,"Color (0.529), Temporal (0.402)",25.0,Below Median
bgmlwsoamc.mp4,0.371,0.382,0.43,0.4,0.317,0.376,Low,0.0,"Color (0.43), Face (0.4)",24.75,Below Median
aevrfsexku.mp4,0.359,0.393,0.492,0.319,0.333,0.376,Low,0.0,"Color (0.492), Temporal (0.393)",24.5,Below Median
crzfebnfgb.mp4,0.395,0.312,0.407,0.507,0.311,0.376,Low,0.0,"Face (0.507), Color (0.407)",24.25,Below Median
dqppxmoqdl.mp4,0.354,0.417,0.401,0.374,0.333,0.376,Low,0.0,"Temporal (0.417), Color (0.401)",24.0,Below Median
covdcysmbi.mp4,0.362,0.36,0.481,0.37,0.337,0.376,Low,0.0,"Color (0.481), Face (0.37)",23.75,Below Median
bbhtdfuqxq.mp4,0.351,0.406,0.439,0.373,0.322,0.375,Low,0.0,"Color (0.439), Temporal (0.406)",23.5,Below Median
btugrnoton.mp4,0.31,0.415,0.526,0.344,0.316,0.375,Low,0.0,"Color (0.526), Temporal (0.415)",23.25,Below Median
acxnxvbsxk.mp4,0.387,0.354,0.511,0.313,0.328,0.375,Low,0.0,"Color (0.511), Spatial (0.387)",23.0,Below Median
ckbdwedgmc.mp4,0.351,0.417,0.4,0.373,0.333,0.375,Low,0.0,"Temporal (0.417), Color (0.4)",22.75,Below Median
aybumesmpk.mp4,0.406,0.402,0.33,0.36,0.344,0.374,Low,0.0,"Spatial (0.406), Temporal (0.402)",22.5,Below Median
drsakwyvqv.mp4,0.362,0.352,0.481,0.372,0.338,0.374,Low,0.0,"Color (0.481), Face (0.372)",22.25,Below Median
cpjxareypw.mp4,0.348,0.403,0.439,0.373,0.322,0.374,Low,0.0,"Color (0.439), Temporal (0.403)",22.0,Below Median
ddpvuimigj.mp4,0.336,0.428,0.4,0.373,0.334,0.374,Low,0.0,"Temporal (0.428), Color (0.4)",21.75,Below Median
btjlfpzbdu.mp4,0.363,0.365,0.434,0.37,0.356,0.374,Low,0.0,"Color (0.434), Face (0.37)",21.5,Below Median
apgjqzkoma.mp4,0.392,0.359,0.419,0.37,0.338,0.374,Low,0.0,"Color (0.419), Spatial (0.392)",21.25,Below Median
dzqwgqewhu.mp4,0.392,0.366,0.401,0.371,0.341,0.373,Low,0.0,"Color (0.401), Spatial (0.392)",21.0,Below Median
ahdbuwqxit.mp4,0.364,0.346,0.481,0.371,0.338,0.373,Low,0.0,"Color (0.481), Face (0.371)",20.75,Below Median
bchnbulevv.mp4,0.42,0.379,0.33,0.369,0.34,0.373,Low,0.0,"Spatial (0.42), Temporal (0.379)",20.5,Below Median
clihsshdkq.mp4,0.411,0.342,0.405,0.369,0.336,0.372,Low,0.0,"Spatial (0.411), Color (0.405)",20.25,Below Median
bggsurpgpr.mp4,0.359,0.37,0.496,0.32,0.335,0.372,Low,0.0,"Color (0.496), Temporal (0.37)",20.0,Below Median
dwediigjit.mp4,0.404,0.341,0.411,0.372,0.339,0.371,Low,0.0,"Color (0.411), Spatial (0.404)",19.75,Below Median
cgvrgibpfo.mp4,0.368,0.364,0.48,0.323,0.338,0.371,Low,0.0,"Color (0.48), Spatial (0.368)",19.5,Below Median
dqqtjcryjv.mp4,0.417,0.374,0.329,0.369,0.339,0.37,Low,0.0,"Spatial (0.417), Temporal (0.374)",19.25,Below Median
arkroixhey.mp4,0.372,0.354,0.512,0.313,0.325,0.37,Low,0.0,"Color (0.512), Spatial (0.372)",19.0,Below Median
bghphrsfxf.mp4,0.346,0.373,0.48,0.346,0.332,0.37,Low,0.0,"Color (0.48), Temporal (0.373)",18.75,Below Median
brhalypwoo.mp4,0.363,0.337,0.459,0.427,0.309,0.37,Low,0.0,"Color (0.459), Face (0.427)",18.5,Below Median
esckbnkkvb.mp4,0.375,0.412,0.389,0.347,0.311,0.369,Low,0.0,"Temporal (0.412), Color (0.389)",18.25,Below Median
eivxffliio.mp4,0.376,0.366,0.412,0.365,0.336,0.369,Low,0.0,"Color (0.412), Spatial (0.376)",18.0,Below Median
ckkuyewywx.mp4,0.347,0.445,0.384,0.323,0.324,0.369,Low,0.0,"Temporal (0.445), Color (0.384)",17.75,Below Median
caifxvsozs.mp4,0.358,0.387,0.403,0.368,0.335,0.369,Low,0.0,"Color (0.403), Temporal (0.387)",17.5,Below Median
abqwwspghj.mp4,0.408,0.331,0.405,0.37,0.336,0.368,Low,0.0,"Spatial (0.408), Color (0.405)",17.25,Below Median
byyqectxqa.mp4,0.34,0.391,0.412,0.373,0.335,0.368,Low,0.0,"Color (0.412), Temporal (0.391)",17.0,Below Median
ccmonzqfrz.mp4,0.387,0.337,0.422,0.37,0.338,0.367,Low,0.0,"Color (0.422), Spatial (0.387)",16.75,Below Median
czfunozvwp.mp4,0.357,0.385,0.403,0.366,0.333,0.367,Low,0.0,"Color (0.403), Temporal (0.385)",16.5,Below Median
cglxirfaey.mp4,0.34,0.397,0.4,0.372,0.335,0.367,Low,0.0,"Color (0.4), Temporal (0.397)",16.25,Below Median
bffwsjxghk.mp4,0.336,0.424,0.395,0.373,0.309,0.367,Low,0.0,"Temporal (0.424), Color (0.395)",16.0,Below Median
dfbpceeaox.mp4,0.335,0.425,0.395,0.373,0.309,0.367,Low,0.0,"Temporal (0.425), Color (0.395)",15.75,Below Median
bseamdrpbj.mp4,0.339,0.389,0.412,0.373,0.335,0.367,Low,0.0,"Color (0.412), Temporal (0.389)",15.5,Below Median
dcuiiorugd.mp4,0.368,0.323,0.46,0.42,0.311,0.367,Low,0.0,"Color (0.46), Face (0.42)",15.25,Below Median
cmbzllswnl.mp4,0.352,0.373,0.45,0.373,0.309,0.366,Low,0.0,"Color (0.45), Face (0.373)",15.0,Below Median
agdkmztvby.mp4,0.356,0.369,0.47,0.334,0.324,0.366,Low,0.0,"Color (0.47), Temporal (0.369)",14.75,Below Median
btiysiskpf.mp4,0.389,0.331,0.421,0.37,0.338,0.366,Low,0.0,"Color (0.421), Spatial (0.389)",14.5,Below Median
btjwbtsgln.mp4,0.367,0.365,0.402,0.366,0.338,0.366,Low,0.0,"Color (0.402), Spatial (0.367)",14.25,Below Median
aipfdnwpoo.mp4,0.442,0.322,0.401,0.347,0.312,0.366,Low,0.0,"Spatial (0.442), Color (0.401)",14.0,Below Median
eqvuznuwsa.mp4,0.349,0.374,0.45,0.372,0.308,0.366,Low,0.0,"Color (0.45), Temporal (0.374)",13.75,Below Median
ehdkmxgtxh.mp4,0.35,0.394,0.387,0.347,0.346,0.365,Low,0.0,"Temporal (0.394), Color (0.387)",13.5,Below Median
bwhlgysghg.mp4,0.345,0.404,0.39,0.373,0.315,0.365,Low,0.0,"Temporal (0.404), Color (0.39)",13.25,Below Median
bejhvclboh.mp4,0.351,0.413,0.387,0.307,0.347,0.365,Low,0.0,"Temporal (0.413), Color (0.387)",13.0,Below Median
acifjvzvpm.mp4,0.345,0.403,0.389,0.373,0.314,0.364,Low,0.0,"Temporal (0.403), Color (0.389)",12.75,Below Median
dsndhujjjb.mp4,0.367,0.359,0.391,0.371,0.34,0.364,Low,0.0,"Color (0.391), Face (0.371)",12.5,Below Median
dkwjwbwgey.mp4,0.346,0.375,0.388,0.372,0.347,0.364,Low,0.0,"Color (0.388), Temporal (0.375)",12.25,Below Median
avgiuextiz.mp4,0.333,0.36,0.449,0.373,0.335,0.364,Low,0.0,"Color (0.449), Face (0.373)",12.0,Below Median
amowujxmzc.mp4,0.39,0.345,0.402,0.343,0.34,0.363,Low,0.0,"Color (0.402), Spatial (0.39)",11.75,Below Median
akvmwkdyuv.mp4,0.348,0.367,0.386,0.373,0.347,0.362,Low,0.0,"Color (0.386), Face (0.373)",11.5,Below Median
dbtbbhakdv.mp4,0.346,0.369,0.385,0.372,0.348,0.362,Low,0.0,"Color (0.385), Face (0.372)",11.25,Below Median
cvaksbpssm.mp4,0.371,0.394,0.389,0.33,0.311,0.361,Low,0.0,"Temporal (0.394), Color (0.389)",11.0,Below Median
cqfugiqupm.mp4,0.35,0.359,0.388,0.373,0.346,0.361,Low,0.0,"Color (0.388), Face (0.373)",10.75,Below Median
dqzreruvje.mp4,0.417,0.335,0.33,0.369,0.34,0.361,Low,0.0,"Spatial (0.417), Face (0.369)",10.5,Below Median
blzydqdfem.mp4,0.346,0.365,0.385,0.372,0.347,0.361,Low,0.0,"Color (0.385), Face (0.372)",10.25,Below Median
aelzhcnwgf.mp4,0.399,0.312,0.405,0.367,0.335,0.36,Low,0.0,"Color (0.405), Spatial (0.399)",10.0,Below Median
eqnoqyfquo.mp4,0.396,0.313,0.404,0.371,0.333,0.36,Low,0.0,"Color (0.404), Spatial (0.396)",9.75,Below Median
bpwzipqtxf.mp4,0.375,0.383,0.373,0.352,0.309,0.36,Low,0.0,"Temporal (0.383), Spatial (0.375)",9.5,Below Median
bofqajtwve.mp4,0.346,0.367,0.385,0.364,0.346,0.36,Low,0.0,"Color (0.385), Temporal (0.367)",9.25,Below Median
avnqydkqjj.mp4,0.379,0.326,0.402,0.37,0.338,0.36,Low,0.0,"Color (0.402), Spatial (0.379)",9.0,Below Median
amaivqofda.mp4,0.345,0.365,0.386,0.372,0.339,0.359,Low,0.0,"Color (0.386), Face (0.372)",8.75,Below Median
btunxncpjh.mp4,0.348,0.391,0.39,0.349,0.318,0.359,Low,0.0,"Temporal (0.391), Color (0.39)",8.5,Below Median
bqnymlsayl.mp4,0.397,0.355,0.365,0.363,0.308,0.359,Low,0.0,"Spatial (0.397), Color (0.365)",8.25,Below Median
efwfxwwlbw.mp4,0.376,0.325,0.403,0.366,0.339,0.358,Low,0.0,"Color (0.403), Spatial (0.376)",8.0,Below Median
dbnygxtwek.mp4,0.351,0.35,0.387,0.373,0.345,0.358,Low,0.0,"Color (0.387), Face (0.373)",7.75,Below Median
eqjscdagiv.mp4,0.351,0.351,0.387,0.373,0.344,0.358,Low,0.0,"Color (0.387), Face (0.373)",7.5,Below Median
crezycjqyk.mp4,0.349,0.346,0.41,0.373,0.335,0.358,Low,0.0,"Color (0.41), Face (0.373)",7.25,Below Median
ecwaxgutkc.mp4,0.383,0.364,0.376,0.357,0.307,0.358,Low,0.0,"Spatial (0.383), Color (0.376)",7.0,Below Median
btmsngnqhv.mp4,0.347,0.347,0.41,0.373,0.333,0.358,Low,0.0,"Color (0.41), Face (0.373)",6.75,Below Median
bsqgziaylx.mp4,0.316,0.442,0.378,0.321,0.315,0.357,Low,0.0,"Temporal (0.442), Color (0.378)",6.5,Below Median
cizlkenljw.mp4,0.367,0.344,0.389,0.346,0.346,0.357,Low,0.0,"Color (0.389), Spatial (0.367)",6.25,Below Median
esxrvsgpvb.mp4,0.342,0.356,0.386,0.372,0.344,0.357,Low,0.0,"Color (0.386), Face (0.372)",6.0,Below Median
brwrlczjvi.mp4,0.316,0.436,0.379,0.323,0.315,0.357,Low,0.0,"Temporal (0.436), Color (0.379)",5.75,Below Median
bpapbctoao.mp4,0.344,0.349,0.386,0.372,0.343,0.356,Low,0.0,"Color (0.386), Face (0.372)",5.5,Below Median
ciyoudyhly.mp4,0.39,0.371,0.371,0.301,0.311,0.353,Low,0.0,"Spatial (0.39), Temporal (0.371)",5.25,Below Median
dptrzdvwpg.mp4,0.372,0.356,0.4,0.324,0.313,0.353,Low,0.0,"Color (0.4), Spatial (0.372)",5.0,Below Median
bpxckdzddv.mp4,0.361,0.319,0.389,0.371,0.342,0.352,Low,0.0,"Color (0.389), Face (0.371)",4.75,Below Median
caqbrkogkb.mp4,0.349,0.371,0.389,0.329,0.317,0.351,Low,0.0,"Color (0.389), Temporal (0.371)",4.5,Below Median
dhxctgyoqj.mp4,0.383,0.35,0.368,0.339,0.307,0.351,Low,0.0,"Spatial (0.383), Color (0.368)",4.25,Below Median
avibnnhwhp.mp4,0.39,0.349,0.376,0.307,0.311,0.349,Low,0.0,"Spatial (0.39), Color (0.376)",4.0,Below Median
aapnvogymq.mp4,0.39,0.341,0.375,0.307,0.311,0.347,Low,0.0,"Spatial (0.39), Color (0.375)",3.75,Below Median
dgmevclvzy.mp4,0.362,0.323,0.41,0.318,0.33,0.347,Low,0.0,"Color (0.41), Spatial (0.362)",3.5,Below Median
ctzmavwror.mp4,0.321,0.405,0.342,0.323,0.315,0.344,Low,0.0,"Temporal (0.405), Color (0.342)",3.25,Below Median
emgjphonqb.mp4,0.373,0.344,0.354,0.323,0.316,0.344,Low,0.0,"Spatial (0.373), Color (0.354)",3.0,Below Median
bkvetcojbt.mp4,0.377,0.338,0.355,0.323,0.316,0.344,Low,0.0,"Spatial (0.377), Color (0.355)",2.75,Below Median
cuzrgrbvil.mp4,0.372,0.304,0.4,0.344,0.313,0.343,Low,0.0,"Color (0.4), Spatial (0.372)",2.5,Below Median
agqphdxmwt.mp4,0.309,0.384,0.342,0.367,0.312,0.342,Low,0.0,"Temporal (0.384), Face (0.367)",2.25,Below Median
cbltdtxglo.mp4,0.302,0.384,0.341,0.374,0.315,0.342,Low,0.0,"Temporal (0.384), Face (0.374)",2.0,Below Median
bctvsmddgq.mp4,0.373,0.333,0.354,0.323,0.316,0.341,Low,0.0,"Spatial (0.373), Color (0.354)",1.75,Below Median
aytzyidmgs.mp4,0.31,0.379,0.341,0.343,0.313,0.337,Low,0.0,"Temporal (0.379), Face (0.343)",1.5,Below Median
aslsvlvpth.mp4,0.31,0.372,0.342,0.347,0.314,0.336,Low,0.0,"Temporal (0.372), Face (0.347)",1.25,Below Median
bqqpbzjgup.mp4,0.303,0.363,0.342,0.373,0.306,0.335,Low,0.0,"Face (0.373), Temporal (0.363)",1.0,Below Median
epymyyiblu.mp4,0.303,0.386,0.341,0.324,0.315,0.335,Low,0.0,"Temporal (0.386), Color (0.341)",0.75,Below Median
azsmewqghg.mp4,0.307,0.361,0.342,0.346,0.306,0.332,Low,0.0,"Temporal (0.361), Face (0.346)",0.5,Below Median
djxdyjopjd.mp4,0.305,0.361,0.341,0.347,0.307,0.331,Low,0.0,"Temporal (0.361), Face (0.347)",0.25,Below Median
