video,Spatial Risk,Temporal Risk,Color Risk,Face Risk,Metadata Risk,Suspicion Index
apogckdfrz.mp4,0.49,0.681,0.345,0.722,0.561,0.565
dgzklxjmix.mp4,0.463,0.658,0.349,0.779,0.555,0.56
ddhfabwpuz.mp4,0.64,0.71,0.635,0.359,0.335,0.553
dhcselezer.mp4,0.495,0.712,0.346,0.577,0.559,0.552
awnwkrqibf.mp4,0.629,0.588,0.638,0.365,0.33,0.521
emfbhytfhc.mp4,0.633,0.58,0.639,0.363,0.33,0.52
cprhtltsjp.mp4,0.589,0.592,0.64,0.367,0.329,0.512
benmsfzfaz.mp4,0.575,0.688,0.402,0.447,0.337,0.511
dzwkmcwkwl.mp4,0.455,0.542,0.347,0.631,0.554,0.507
cdphtzqrvp.mp4,0.601,0.551,0.57,0.432,0.32,0.502
ecnihjlfyt.mp4,0.564,0.657,0.402,0.445,0.337,0.5
avfitoutyn.mp4,0.453,0.674,0.517,0.489,0.329,0.498
alvgwypubw.mp4,0.381,0.706,0.378,0.365,0.577,0.498
bopqhhalml.mp4,0.482,0.586,0.344,0.452,0.553,0.497
ehtdtkmmli.mp4,0.602,0.555,0.568,0.394,0.319,0.497
cettndmvzl.mp4,0.569,0.682,0.41,0.36,0.339,0.496
bhbdugnurr.mp4,0.365,0.713,0.377,0.362,0.576,0.496
aneclqfpbt.mp4,0.493,0.55,0.484,0.651,0.316,0.494
esnntzzajv.mp4,0.333,0.492,0.427,0.368,0.832,0.492
arlmiizoob.mp4,0.506,0.717,0.48,0.335,0.32,0.492
bqhtpqmmqp.mp4,0.498,0.685,0.482,0.353,0.321,0.485
duvyaxbzvp.mp4,0.636,0.608,0.388,0.33,0.319,0.483
dntkzzzcdh.mp4,0.611,0.459,0.629,0.366,0.331,0.483
diopzaywor.mp4,0.636,0.595,0.388,0.332,0.319,0.48
dkuayagnmc.mp4,0.517,0.599,0.407,0.35,0.438,0.48
aladcziidp.mp4,0.334,0.436,0.428,0.367,0.831,0.478
dsjbknkujw.mp4,0.596,0.451,0.539,0.372,0.397,0.478
bahdpoesir.mp4,0.45,0.638,0.414,0.366,0.442,0.477
diomeixhrg.mp4,0.389,0.603,0.375,0.371,0.587,0.477
afoovlsmtx.mp4,0.373,0.604,0.39,0.377,0.585,0.476
ahbweevwpv.mp4,0.504,0.59,0.409,0.357,0.437,0.476
duzuusuajr.mp4,0.641,0.579,0.388,0.327,0.319,0.476
aagfhgtpmv.mp4,0.47,0.621,0.401,0.365,0.439,0.475
dnexlwbcxq.mp4,0.596,0.431,0.644,0.368,0.328,0.474
bmhvktyiwp.mp4,0.393,0.592,0.374,0.365,0.587,0.474
bguwlyazau.mp4,0.606,0.443,0.534,0.371,0.375,0.473
etmcruaihe.mp4,0.376,0.597,0.392,0.367,0.581,0.473
eepezmygaq.mp4,0.696,0.379,0.582,0.345,0.319,0.472
akxoopqjqz.mp4,0.503,0.62,0.479,0.352,0.32,0.469
cbbibzcoih.mp4,0.384,0.678,0.499,0.37,0.367,0.469
cqhngvpgyi.mp4,0.404,0.66,0.531,0.368,0.336,0.468
aelfnikyqj.mp4,0.599,0.414,0.534,0.373,0.383,0.466
bmjzrlszhi.mp4,0.504,0.428,0.517,0.614,0.316,0.466
cttqtsjvgn.mp4,0.483,0.656,0.363,0.336,0.379,0.466
byunigvnay.mp4,0.509,0.57,0.563,0.321,0.313,0.465
curpwogllm.mp4,0.447,0.614,0.409,0.348,0.433,0.465
asvcrfdpnq.mp4,0.406,0.657,0.378,0.358,0.442,0.465
cwbacdwrzo.mp4,0.567,0.46,0.526,0.416,0.323,0.463
atvmxvwyns.mp4,0.365,0.459,0.613,0.619,0.358,0.463
bxzakyopjf.mp4,0.403,0.617,0.478,0.368,0.404,0.463
erqgqacbqe.mp4,0.512,0.573,0.563,0.292,0.313,0.462
czkdanyadc.mp4,0.506,0.566,0.48,0.388,0.321,0.462
ckjaibzfxa.mp4,0.393,0.457,0.574,0.619,0.35,0.462
acxwigylke.mp4,0.327,0.378,0.421,0.373,0.833,0.462
eoewqcpbgt.mp4,0.364,0.459,0.613,0.619,0.356,0.462
bqkdbcqjvb.mp4,0.365,0.458,0.613,0.619,0.357,0.462
cdyakrxkia.mp4,0.365,0.459,0.613,0.619,0.356,0.462
avvdgsennp.mp4,0.364,0.459,0.612,0.619,0.355,0.462
abarnvbtwb.mp4,0.697,0.369,0.586,0.298,0.314,0.462
bourlmzsio.mp4,0.394,0.622,0.473,0.368,0.403,0.461
dhoqofwoxa.mp4,0.364,0.458,0.612,0.619,0.354,0.461
altziddtxi.mp4,0.499,0.631,0.481,0.282,0.32,0.461
dqnyszdong.mp4,0.362,0.458,0.613,0.619,0.356,0.461
chtapglbcj.mp4,0.473,0.57,0.406,0.347,0.436,0.461
bbvgxeczei.mp4,0.362,0.457,0.612,0.619,0.357,0.461
cwqlvzefpg.mp4,0.362,0.458,0.613,0.619,0.357,0.461
axwgcsyphv.mp4,0.362,0.459,0.613,0.619,0.355,0.461
andaxzscny.mp4,0.362,0.457,0.613,0.619,0.357,0.461
adohikbdaz.mp4,0.416,0.589,0.478,0.367,0.41,0.46
dbhrpizyeq.mp4,0.328,0.37,0.421,0.371,0.833,0.46
atyntldecu.mp4,0.446,0.583,0.517,0.397,0.328,0.46
dkhlttuvmx.mp4,0.361,0.458,0.613,0.607,0.357,0.459
djvutyvaio.mp4,0.365,0.455,0.612,0.607,0.356,0.459
czmqpxrqoh.mp4,0.365,0.455,0.613,0.607,0.357,0.459
beyebyhrph.mp4,0.45,0.625,0.36,0.365,0.402,0.458
esyhwdfnxs.mp4,0.36,0.454,0.613,0.607,0.357,0.458
bdnaqemxmr.mp4,0.475,0.606,0.356,0.352,0.409,0.458
dnhvalzvrt.mp4,0.591,0.414,0.51,0.373,0.37,0.458
dzyuwjkjui.mp4,0.374,0.459,0.578,0.619,0.35,0.458
bkwxhglwct.mp4,0.378,0.459,0.577,0.619,0.348,0.458
eiwopxzjfn.mp4,0.379,0.459,0.575,0.619,0.344,0.457
asmpfjfzif.mp4,0.373,0.458,0.576,0.619,0.348,0.457
dsdoseflas.mp4,0.374,0.459,0.577,0.619,0.347,0.457
ayqvfdhslr.mp4,0.377,0.458,0.575,0.619,0.347,0.457
bgaogsjehq.mp4,0.374,0.459,0.574,0.619,0.345,0.456
bulkxhhknf.mp4,0.589,0.354,0.506,0.373,0.442,0.456
ahqqqilsxt.mp4,0.589,0.38,0.51,0.373,0.406,0.456
aorjvbyxhw.mp4,0.587,0.35,0.509,0.373,0.441,0.455
cepxysienc.mp4,0.587,0.362,0.511,0.373,0.421,0.454
axntxmycwd.mp4,0.333,0.632,0.462,0.373,0.434,0.453
dxbqjxrhin.mp4,0.471,0.437,0.421,0.583,0.377,0.453
byijojkdba.mp4,0.323,0.355,0.413,0.372,0.83,0.453
aybgughjxh.mp4,0.586,0.362,0.509,0.372,0.413,0.452
etohcvnzbj.mp4,0.462,0.598,0.352,0.352,0.409,0.452
drtbksnpol.mp4,0.359,0.456,0.574,0.619,0.347,0.452
dtbpmdqvao.mp4,0.377,0.442,0.578,0.607,0.348,0.452
emaalmsonj.mp4,0.357,0.456,0.575,0.619,0.347,0.452
aettqgevhz.mp4,0.563,0.46,0.508,0.368,0.32,0.451
ceymbecxnj.mp4,0.375,0.437,0.578,0.607,0.348,0.45
axczxisdtb.mp4,0.514,0.493,0.48,0.409,0.321,0.449
ddepeddixj.mp4,0.331,0.336,0.42,0.343,0.833,0.448
cxttmymlbn.mp4,0.577,0.404,0.527,0.373,0.338,0.448
dqswpjoepo.mp4,0.382,0.706,0.407,0.321,0.337,0.448
btxlttbpkj.mp4,0.583,0.347,0.511,0.373,0.416,0.448
chzieimrwu.mp4,0.33,0.328,0.415,0.37,0.831,0.448
atxvxouljq.mp4,0.445,0.529,0.41,0.352,0.448,0.447
aknbdpmgua.mp4,0.528,0.406,0.633,0.368,0.316,0.447
dkzvdrzcnr.mp4,0.567,0.41,0.524,0.373,0.343,0.447
bhsluedavd.mp4,0.379,0.7,0.407,0.321,0.337,0.446
beboztfcme.mp4,0.336,0.31,0.422,0.372,0.829,0.446
elvvackpjh.mp4,0.554,0.358,0.644,0.368,0.332,0.446
bdxuhamuqx.mp4,0.561,0.415,0.528,0.37,0.324,0.444
awukslzjra.mp4,0.522,0.377,0.476,0.566,0.314,0.444
etejaapnxh.mp4,0.646,0.353,0.49,0.372,0.32,0.443
axoygtekut.mp4,0.329,0.323,0.415,0.34,0.83,0.443
ekhacizpah.mp4,0.495,0.5,0.403,0.366,0.387,0.442
ehfiekigla.mp4,0.597,0.366,0.509,0.368,0.348,0.442
eajlrktemq.mp4,0.43,0.621,0.414,0.372,0.307,0.442
dkrvorliqc.mp4,0.484,0.531,0.399,0.334,0.384,0.441
bqdjzqhcft.mp4,0.582,0.347,0.522,0.438,0.321,0.44
dhevettufk.mp4,0.299,0.332,0.424,0.336,0.835,0.439
augtsuxpzc.mp4,0.452,0.513,0.416,0.339,0.424,0.439
avmjormvsx.mp4,0.593,0.355,0.505,0.373,0.354,0.439
egghxjjmfg.mp4,0.483,0.525,0.4,0.321,0.391,0.438
dvumqqhoac.mp4,0.38,0.451,0.566,0.499,0.339,0.435
cppdvdejkc.mp4,0.304,0.327,0.424,0.305,0.838,0.435
dafhtipaml.mp4,0.584,0.393,0.558,0.298,0.308,0.434
byofowlkki.mp4,0.403,0.521,0.494,0.365,0.373,0.434
cfyduhpbps.mp4,0.479,0.43,0.415,0.524,0.329,0.434
cffffbcywc.mp4,0.403,0.581,0.478,0.357,0.307,0.433
eeyhxisdfh.mp4,0.378,0.451,0.567,0.484,0.339,0.433
dozyddhild.mp4,0.314,0.281,0.417,0.371,0.829,0.433
cthdnahrkh.mp4,0.55,0.37,0.571,0.369,0.308,0.432
eebrkicpry.mp4,0.356,0.588,0.516,0.369,0.316,0.432
alaijyygdv.mp4,0.3,0.324,0.423,0.306,0.835,0.432
dbzcqmxzaj.mp4,0.523,0.355,0.633,0.366,0.315,0.432
eahlqmfvtj.mp4,0.378,0.449,0.566,0.476,0.339,0.431
bkmdzhfzfh.mp4,0.497,0.438,0.497,0.383,0.326,0.431
bndybcqhfr.mp4,0.485,0.345,0.404,0.651,0.321,0.43
bydaidkpdp.mp4,0.569,0.299,0.632,0.371,0.312,0.43
ehieahnhte.mp4,0.359,0.632,0.418,0.345,0.338,0.43
crktehraph.mp4,0.532,0.372,0.573,0.371,0.306,0.429
bddjdhzfze.mp4,0.506,0.388,0.58,0.372,0.312,0.429
dlrsbscitn.mp4,0.399,0.586,0.478,0.328,0.307,0.429
avssvvsdhz.mp4,0.572,0.294,0.633,0.366,0.313,0.429
djvtbgwdcc.mp4,0.432,0.508,0.37,0.335,0.442,0.429
cmxcfkrjiv.mp4,0.402,0.574,0.478,0.341,0.309,0.428
cwsbspfzck.mp4,0.598,0.34,0.489,0.369,0.321,0.427
clrycekyst.mp4,0.344,0.63,0.407,0.373,0.335,0.427
bntlodcfeg.mp4,0.578,0.345,0.521,0.346,0.323,0.426
egbbcxcuqy.mp4,0.326,0.58,0.536,0.371,0.314,0.426
bdgipnyobr.mp4,0.494,0.504,0.402,0.347,0.323,0.426
aufmsmnoye.mp4,0.442,0.371,0.385,0.673,0.322,0.426
ehbnclaukr.mp4,0.361,0.433,0.564,0.509,0.328,0.425
cqrskwiqng.mp4,0.488,0.347,0.401,0.603,0.318,0.423
dvakowbgbt.mp4,0.533,0.394,0.485,0.37,0.312,0.422
elginszwtk.mp4,0.362,0.437,0.563,0.481,0.328,0.422
eprybmbpba.mp4,0.379,0.449,0.566,0.418,0.339,0.422
cyclgfjdrv.mp4,0.366,0.442,0.612,0.374,0.355,0.421
cycacemkmt.mp4,0.365,0.455,0.612,0.348,0.357,0.421
adhsbajydo.mp4,0.366,0.457,0.613,0.348,0.358,0.421
dzieklokdr.mp4,0.476,0.506,0.402,0.345,0.317,0.421
etdcqxabww.mp4,0.362,0.442,0.564,0.458,0.328,0.42
abofeumbvv.mp4,0.365,0.455,0.613,0.348,0.357,0.42
cnilkgvfei.mp4,0.539,0.373,0.497,0.345,0.324,0.419
eckvhdusax.mp4,0.342,0.57,0.446,0.373,0.339,0.419
atkdltyyen.mp4,0.565,0.324,0.522,0.37,0.314,0.419
byfenovjnf.mp4,0.36,0.434,0.564,0.469,0.328,0.419
ebeknhudxq.mp4,0.361,0.452,0.612,0.349,0.357,0.419
bvzjkezkms.mp4,0.443,0.377,0.414,0.595,0.315,0.419
bhpwpydzpo.mp4,0.481,0.338,0.401,0.596,0.318,0.418
avtycwsgyb.mp4,0.375,0.454,0.565,0.39,0.339,0.418
dnyvfblxpm.mp4,0.341,0.569,0.446,0.373,0.337,0.418
ensyyivobf.mp4,0.316,0.638,0.383,0.4,0.307,0.418
aklqzsddfl.mp4,0.379,0.452,0.567,0.372,0.34,0.417
cyboodqqyr.mp4,0.364,0.428,0.613,0.374,0.357,0.417
ebywfrmhtd.mp4,0.382,0.383,0.48,0.564,0.341,0.416
eejswgycjc.mp4,0.375,0.455,0.565,0.375,0.339,0.416
ahfazfbntc.mp4,0.57,0.332,0.477,0.371,0.312,0.415
cksanfsjhc.mp4,0.565,0.317,0.519,0.349,0.32,0.415
cferslmfwh.mp4,0.486,0.449,0.424,0.335,0.336,0.415
dakiztgtnw.mp4,0.344,0.574,0.444,0.347,0.337,0.415
duycddgtrl.mp4,0.339,0.499,0.416,0.517,0.32,0.414
bvgwelbeof.mp4,0.477,0.347,0.382,0.58,0.318,0.414
asdpeebotb.mp4,0.379,0.444,0.564,0.369,0.339,0.414
dtocdfbwca.mp4,0.342,0.568,0.444,0.347,0.334,0.413
errocgcham.mp4,0.381,0.379,0.48,0.545,0.341,0.412
bgvhtpzknn.mp4,0.436,0.385,0.409,0.545,0.316,0.412
degpbqvcay.mp4,0.436,0.37,0.418,0.563,0.315,0.412
diuzrpqjli.mp4,0.445,0.435,0.416,0.345,0.384,0.411
aknmpoonls.mp4,0.486,0.355,0.403,0.514,0.319,0.411
akzbnazxtz.mp4,0.443,0.381,0.386,0.55,0.322,0.411
ehccixxzoe.mp4,0.42,0.505,0.384,0.402,0.308,0.411
ekcrtigpab.mp4,0.442,0.376,0.414,0.548,0.312,0.411
eggbjzxnmg.mp4,0.461,0.449,0.421,0.307,0.373,0.411
cfxkpiweqt.mp4,0.361,0.459,0.418,0.52,0.321,0.41
eukvucdetx.mp4,0.383,0.416,0.571,0.363,0.346,0.409
bjkmjilrxp.mp4,0.48,0.319,0.402,0.568,0.318,0.409
bmjmjmbglm.mp4,0.481,0.335,0.383,0.551,0.319,0.408
eudeqjhdfd.mp4,0.489,0.412,0.419,0.298,0.374,0.408
edyncaijwx.mp4,0.497,0.42,0.418,0.332,0.329,0.408
ajqslcypsw.mp4,0.327,0.514,0.418,0.472,0.319,0.408
eiriyukqqy.mp4,0.458,0.332,0.614,0.368,0.315,0.408
dhcndnuwta.mp4,0.473,0.408,0.424,0.316,0.379,0.407
dakqwktlbi.mp4,0.363,0.42,0.612,0.323,0.354,0.407
esyrimvzsa.mp4,0.375,0.453,0.565,0.309,0.339,0.406
aczrgyricp.mp4,0.53,0.337,0.483,0.369,0.31,0.406
doanjploai.mp4,0.508,0.406,0.4,0.371,0.31,0.406
chviwxsfhg.mp4,0.488,0.397,0.418,0.331,0.361,0.406
dgxrqjdomn.mp4,0.342,0.525,0.416,0.418,0.321,0.406
bmehkyanbj.mp4,0.433,0.348,0.419,0.564,0.316,0.406
blpchvmhxx.mp4,0.349,0.447,0.395,0.554,0.316,0.405
alninxcyhg.mp4,0.371,0.325,0.39,0.364,0.59,0.405
apatcsqejh.mp4,0.5,0.434,0.421,0.289,0.328,0.405
eebserckhh.mp4,0.381,0.428,0.562,0.33,0.338,0.404
ccfoszqabv.mp4,0.349,0.344,0.386,0.687,0.344,0.403
anpuvshzoo.mp4,0.368,0.417,0.505,0.456,0.313,0.403
dulanfulol.mp4,0.453,0.418,0.468,0.337,0.321,0.403
dcamvmuors.mp4,0.352,0.497,0.443,0.373,0.337,0.402
dofusvhnib.mp4,0.483,0.341,0.406,0.478,0.32,0.402
agrmhtjdlk.mp4,0.342,0.595,0.384,0.319,0.312,0.402
coadfnerlk.mp4,0.36,0.423,0.396,0.546,0.318,0.401
acqfdwsrhi.mp4,0.35,0.342,0.386,0.679,0.343,0.401
eczrseixwq.mp4,0.45,0.409,0.468,0.342,0.32,0.4
eekozbeafq.mp4,0.421,0.482,0.394,0.35,0.309,0.399
btohlidmru.mp4,0.372,0.437,0.491,0.372,0.339,0.399
bqeiblbxtl.mp4,0.314,0.525,0.44,0.373,0.335,0.399
drgjzlxzxj.mp4,0.469,0.376,0.507,0.323,0.318,0.399
bwuwstvsbw.mp4,0.38,0.388,0.567,0.346,0.343,0.398
bzmdrafeex.mp4,0.332,0.556,0.379,0.372,0.314,0.398
ekkdjkirzq.mp4,0.374,0.539,0.354,0.353,0.319,0.398
cyxlcuyznd.mp4,0.367,0.434,0.492,0.372,0.341,0.398
ctpqeykqdp.mp4,0.314,0.518,0.44,0.373,0.335,0.397
deywhkarol.mp4,0.38,0.53,0.406,0.311,0.308,0.397
bnbuonyoje.mp4,0.358,0.3,0.449,0.688,0.309,0.397
dsgpbgsrdm.mp4,0.342,0.542,0.374,0.347,0.337,0.397
boovltmuwi.mp4,0.446,0.316,0.406,0.55,0.311,0.396
bjsmaqefoi.mp4,0.368,0.43,0.491,0.371,0.339,0.396
cxrfacemmq.mp4,0.39,0.413,0.494,0.353,0.338,0.396
bqtuuwzdtr.mp4,0.468,0.355,0.507,0.322,0.318,0.394
bgwmmujlmc.mp4,0.392,0.505,0.373,0.347,0.309,0.394
atzdznmder.mp4,0.402,0.435,0.503,0.313,0.314,0.394
ellavthztb.mp4,0.48,0.342,0.391,0.437,0.322,0.394
dhkwmjxwrn.mp4,0.419,0.473,0.385,0.336,0.307,0.392
ebchwmwayp.mp4,0.422,0.458,0.385,0.343,0.307,0.391
dzvyfiarrq.mp4,0.386,0.492,0.373,0.347,0.31,0.39
dubiroskqn.mp4,0.38,0.45,0.404,0.372,0.33,0.39
adylbeequz.mp4,0.39,0.397,0.493,0.346,0.338,0.39
arrhsnjqku.mp4,0.365,0.48,0.375,0.373,0.335,0.39
dkdwxmtpuo.mp4,0.477,0.364,0.385,0.39,0.318,0.39
diqraixiov.mp4,0.371,0.423,0.428,0.418,0.321,0.39
dlpoieqvfb.mp4,0.387,0.409,0.494,0.32,0.341,0.389
bwipwzzxxu.mp4,0.359,0.416,0.396,0.482,0.318,0.389
ddqccgmtka.mp4,0.414,0.378,0.41,0.449,0.311,0.389
dbzpcjntve.mp4,0.471,0.366,0.39,0.379,0.319,0.388
dbhoxkblzx.mp4,0.37,0.41,0.472,0.371,0.324,0.386
erlvuvjsjf.mp4,0.358,0.438,0.408,0.423,0.312,0.386
cxfujlvsuw.mp4,0.37,0.408,0.472,0.369,0.324,0.386
dptbnjnkdg.mp4,0.349,0.363,0.396,0.578,0.308,0.386
ddjggcasdw.mp4,0.366,0.423,0.472,0.348,0.324,0.385
avywawptfc.mp4,0.397,0.354,0.51,0.368,0.326,0.385
bjjbwsqjir.mp4,0.385,0.402,0.425,0.373,0.342,0.385
dxuplhwvig.mp4,0.423,0.422,0.33,0.373,0.343,0.385
cwwandrkus.mp4,0.341,0.406,0.529,0.371,0.315,0.385
ehevsxtecd.mp4,0.391,0.399,0.423,0.373,0.343,0.385
ejkqesyvam.mp4,0.379,0.368,0.522,0.37,0.317,0.384
aqpnvjhuzw.mp4,0.384,0.372,0.481,0.373,0.336,0.384
dxuliowugt.mp4,0.366,0.443,0.396,0.371,0.333,0.384
axwovszumc.mp4,0.362,0.311,0.415,0.607,0.312,0.384
bdbhekrrwo.mp4,0.368,0.416,0.472,0.351,0.324,0.384
bnjcdrfuov.mp4,0.479,0.346,0.391,0.369,0.319,0.384
esgftaficx.mp4,0.4,0.349,0.509,0.361,0.326,0.383
cdbsbdymzd.mp4,0.384,0.367,0.481,0.372,0.336,0.383
eixwxvxbbn.mp4,0.349,0.418,0.468,0.37,0.323,0.382
dboxtiehng.mp4,0.342,0.392,0.493,0.372,0.337,0.381
cknyxaqouy.mp4,0.36,0.399,0.396,0.457,0.318,0.381
efdyrflcpg.mp4,0.384,0.361,0.481,0.371,0.336,0.381
azpuxunqyo.mp4,0.34,0.399,0.493,0.37,0.337,0.381
deyyistcrd.mp4,0.35,0.414,0.465,0.368,0.323,0.381
ebebgmtlcu.mp4,0.355,0.426,0.468,0.33,0.323,0.38
ecujsjhscd.mp4,0.419,0.406,0.329,0.373,0.344,0.38
bilnggbxgu.mp4,0.399,0.412,0.4,0.372,0.309,0.38
bweezhfpzp.mp4,0.349,0.412,0.465,0.369,0.323,0.38
bmbbkwmxqj.mp4,0.404,0.328,0.511,0.367,0.324,0.38
dhjmzhrcav.mp4,0.38,0.4,0.425,0.347,0.341,0.379
brvqtabyxj.mp4,0.35,0.412,0.465,0.359,0.323,0.379
ecuvtoltue.mp4,0.384,0.354,0.481,0.372,0.335,0.379
cdaxixbosp.mp4,0.386,0.385,0.421,0.372,0.338,0.379
bmioepcpsx.mp4,0.429,0.36,0.444,0.347,0.313,0.379
bzythlfnhq.mp4,0.342,0.44,0.401,0.373,0.337,0.379
ajwpjhrbcv.mp4,0.342,0.442,0.402,0.373,0.337,0.379
byqzyxifza.mp4,0.323,0.398,0.529,0.372,0.316,0.379
awhmfnnjih.mp4,0.415,0.31,0.519,0.364,0.329,0.379
cwrtyzndpx.mp4,0.323,0.396,0.53,0.37,0.316,0.378
asaxgevnnp.mp4,0.417,0.4,0.33,0.373,0.342,0.378
bhaaboftbc.mp4,0.39,0.414,0.445,0.32,0.31,0.378
cobjrlugvp.mp4,0.351,0.412,0.439,0.371,0.323,0.377
bsfmwclnqy.mp4,0.41,0.372,0.393,0.373,0.335,0.377
crzfebnfgb.mp4,0.395,0.312,0.407,0.507,0.311,0.376
bbhpvrmbse.mp4,0.363,0.444,0.396,0.324,0.332,0.376
bgmlwsoamc.mp4,0.371,0.382,0.43,0.4,0.317,0.376
drcyabprvt.mp4,0.363,0.375,0.433,0.368,0.358,0.376
covdcysmbi.mp4,0.362,0.36,0.481,0.37,0.337,0.376
dqppxmoqdl.mp4,0.354,0.417,0.401,0.374,0.333,0.376
ebkzwjgjhq.mp4,0.31,0.402,0.529,0.371,0.316,0.376
aevrfsexku.mp4,0.359,0.393,0.492,0.319,0.333,0.376
btugrnoton.mp4,0.31,0.415,0.526,0.344,0.316,0.375
bbhtdfuqxq.mp4,0.351,0.406,0.439,0.373,0.322,0.375
ckbdwedgmc.mp4,0.351,0.417,0.4,0.373,0.333,0.375
acxnxvbsxk.mp4,0.387,0.354,0.511,0.313,0.328,0.375
apgjqzkoma.mp4,0.392,0.359,0.419,0.37,0.338,0.374
drsakwyvqv.mp4,0.362,0.352,0.481,0.372,0.338,0.374
btjlfpzbdu.mp4,0.363,0.365,0.434,0.37,0.356,0.374
ddpvuimigj.mp4,0.336,0.428,0.4,0.373,0.334,0.374
aybumesmpk.mp4,0.406,0.402,0.33,0.36,0.344,0.374
cpjxareypw.mp4,0.348,0.403,0.439,0.373,0.322,0.374
dzqwgqewhu.mp4,0.392,0.366,0.401,0.371,0.341,0.373
ahdbuwqxit.mp4,0.364,0.346,0.481,0.371,0.338,0.373
bchnbulevv.mp4,0.42,0.379,0.33,0.369,0.34,0.373
bggsurpgpr.mp4,0.359,0.37,0.496,0.32,0.335,0.372
clihsshdkq.mp4,0.411,0.342,0.405,0.369,0.336,0.372
dwediigjit.mp4,0.404,0.341,0.411,0.372,0.339,0.371
cgvrgibpfo.mp4,0.368,0.364,0.48,0.323,0.338,0.371
brhalypwoo.mp4,0.363,0.337,0.459,0.427,0.309,0.37
bghphrsfxf.mp4,0.346,0.373,0.48,0.346,0.332,0.37
arkroixhey.mp4,0.372,0.354,0.512,0.313,0.325,0.37
dqqtjcryjv.mp4,0.417,0.374,0.329,0.369,0.339,0.37
caifxvsozs.mp4,0.358,0.387,0.403,0.368,0.335,0.369
eivxffliio.mp4,0.376,0.366,0.412,0.365,0.336,0.369
ckkuyewywx.mp4,0.347,0.445,0.384,0.323,0.324,0.369
esckbnkkvb.mp4,0.375,0.412,0.389,0.347,0.311,0.369
abqwwspghj.mp4,0.408,0.331,0.405,0.37,0.336,0.368
byyqectxqa.mp4,0.34,0.391,0.412,0.373,0.335,0.368
cglxirfaey.mp4,0.34,0.397,0.4,0.372,0.335,0.367
czfunozvwp.mp4,0.357,0.385,0.403,0.366,0.333,0.367
bseamdrpbj.mp4,0.339,0.389,0.412,0.373,0.335,0.367
dcuiiorugd.mp4,0.368,0.323,0.46,0.42,0.311,0.367
ccmonzqfrz.mp4,0.387,0.337,0.422,0.37,0.338,0.367
bffwsjxghk.mp4,0.336,0.424,0.395,0.373,0.309,0.367
dfbpceeaox.mp4,0.335,0.425,0.395,0.373,0.309,0.367
eqvuznuwsa.mp4,0.349,0.374,0.45,0.372,0.308,0.366
cmbzllswnl.mp4,0.352,0.373,0.45,0.373,0.309,0.366
aipfdnwpoo.mp4,0.442,0.322,0.401,0.347,0.312,0.366
agdkmztvby.mp4,0.356,0.369,0.47,0.334,0.324,0.366
btjwbtsgln.mp4,0.367,0.365,0.402,0.366,0.338,0.366
btiysiskpf.mp4,0.389,0.331,0.421,0.37,0.338,0.366
ehdkmxgtxh.mp4,0.35,0.394,0.387,0.347,0.346,0.365
bwhlgysghg.mp4,0.345,0.404,0.39,0.373,0.315,0.365
bejhvclboh.mp4,0.351,0.413,0.387,0.307,0.347,0.365
dkwjwbwgey.mp4,0.346,0.375,0.388,0.372,0.347,0.364
avgiuextiz.mp4,0.333,0.36,0.449,0.373,0.335,0.364
dsndhujjjb.mp4,0.367,0.359,0.391,0.371,0.34,0.364
acifjvzvpm.mp4,0.345,0.403,0.389,0.373,0.314,0.364
amowujxmzc.mp4,0.39,0.345,0.402,0.343,0.34,0.363
akvmwkdyuv.mp4,0.348,0.367,0.386,0.373,0.347,0.362
dbtbbhakdv.mp4,0.346,0.369,0.385,0.372,0.348,0.362
dqzreruvje.mp4,0.417,0.335,0.33,0.369,0.34,0.361
cvaksbpssm.mp4,0.371,0.394,0.389,0.33,0.311,0.361
blzydqdfem.mp4,0.346,0.365,0.385,0.372,0.347,0.361
cqfugiqupm.mp4,0.35,0.359,0.388,0.373,0.346,0.361
aelzhcnwgf.mp4,0.399,0.312,0.405,0.367,0.335,0.36
bofqajtwve.mp4,0.346,0.367,0.385,0.364,0.346,0.36
bpwzipqtxf.mp4,0.375,0.383,0.373,0.352,0.309,0.36
avnqydkqjj.mp4,0.379,0.326,0.402,0.37,0.338,0.36
eqnoqyfquo.mp4,0.396,0.313,0.404,0.371,0.333,0.36
bqnymlsayl.mp4,0.397,0.355,0.365,0.363,0.308,0.359
amaivqofda.mp4,0.345,0.365,0.386,0.372,0.339,0.359
btunxncpjh.mp4,0.348,0.391,0.39,0.349,0.318,0.359
ecwaxgutkc.mp4,0.383,0.364,0.376,0.357,0.307,0.358
dbnygxtwek.mp4,0.351,0.35,0.387,0.373,0.345,0.358
eqjscdagiv.mp4,0.351,0.351,0.387,0.373,0.344,0.358
crezycjqyk.mp4,0.349,0.346,0.41,0.373,0.335,0.358
btmsngnqhv.mp4,0.347,0.347,0.41,0.373,0.333,0.358
efwfxwwlbw.mp4,0.376,0.325,0.403,0.366,0.339,0.358
bsqgziaylx.mp4,0.316,0.442,0.378,0.321,0.315,0.357
esxrvsgpvb.mp4,0.342,0.356,0.386,0.372,0.344,0.357
cizlkenljw.mp4,0.367,0.344,0.389,0.346,0.346,0.357
brwrlczjvi.mp4,0.316,0.436,0.379,0.323,0.315,0.357
bpapbctoao.mp4,0.344,0.349,0.386,0.372,0.343,0.356
ciyoudyhly.mp4,0.39,0.371,0.371,0.301,0.311,0.353
dptrzdvwpg.mp4,0.372,0.356,0.4,0.324,0.313,0.353
bpxckdzddv.mp4,0.361,0.319,0.389,0.371,0.342,0.352
caqbrkogkb.mp4,0.349,0.371,0.389,0.329,0.317,0.351
dhxctgyoqj.mp4,0.383,0.35,0.368,0.339,0.307,0.351
avibnnhwhp.mp4,0.39,0.349,0.376,0.307,0.311,0.349
dgmevclvzy.mp4,0.362,0.323,0.41,0.318,0.33,0.347
aapnvogymq.mp4,0.39,0.341,0.375,0.307,0.311,0.347
bkvetcojbt.mp4,0.377,0.338,0.355,0.323,0.316,0.344
emgjphonqb.mp4,0.373,0.344,0.354,0.323,0.316,0.344
ctzmavwror.mp4,0.321,0.405,0.342,0.323,0.315,0.344
cuzrgrbvil.mp4,0.372,0.304,0.4,0.344,0.313,0.343
agqphdxmwt.mp4,0.309,0.384,0.342,0.367,0.312,0.342
cbltdtxglo.mp4,0.302,0.384,0.341,0.374,0.315,0.342
bctvsmddgq.mp4,0.373,0.333,0.354,0.323,0.316,0.341
aytzyidmgs.mp4,0.31,0.379,0.341,0.343,0.313,0.337
aslsvlvpth.mp4,0.31,0.372,0.342,0.347,0.314,0.336
epymyyiblu.mp4,0.303,0.386,0.341,0.324,0.315,0.335
bqqpbzjgup.mp4,0.303,0.363,0.342,0.373,0.306,0.335
azsmewqghg.mp4,0.307,0.361,0.342,0.346,0.306,0.332
djxdyjopjd.mp4,0.305,0.361,0.341,0.347,0.307,0.331
