sharpness_mean,sharpness_var,temporal_diff_mean,temporal_diff_var,hf_energy_mean,hf_energy_var,channel_std_ratio,inter_channel_corr,face_detect_rate,face_area_var,face_flow_mean,face_flow_var,label,video
199.69648726827424,6343.357657828581,122.45286123971194,50.30937642296163,0.2589092193435381,0.00035010694703875746,0.9993364204202617,0.9363614473328663,1.0,41354550.12109375,10.556447982788086,93.87724304199219,1,aagfhgtpmv.mp4
30.093242917915408,10.240508142944588,85.27259471450617,269.43112441371244,0.2502187741581377,3.666353630551653e-05,0.8083595150679599,0.8955115092553172,0.9375,253963492.55999997,4.352843761444092,17.606754302978516,1,aapnvogymq.mp4
91.72709532199514,861.5301377845618,81.97483902391974,1152.6302466495656,0.4061860864666115,0.0019024523183352809,0.7458810073058311,0.8245937027984269,0.8125,135722260.1775148,5.410970687866211,30.826351165771484,0,abarnvbtwb.mp4
1.4816135859325188,0.005759739920833463,52.43123662551441,20.009053327381068,0.28811456068788927,1.2101351495778023e-05,0.6492521265807996,0.9898765303676564,0.75,1677043.409722222,0.3657645881175995,0.6685687899589539,1,abofeumbvv.mp4
9.620867473335437,0.5623652222978086,83.41662625385803,379.1399152683361,0.2517091316069082,2.2148962432332708e-05,0.9581288430904353,0.9566069270469144,1.0,13325782.359375,4.870906352996826,35.41566467285156,1,abqwwspghj.mp4
46.38438434747823,12.806226806911088,74.78403189300411,236.32765192632843,0.27445330830905657,1.8036551696455502e-05,0.8692611003786637,0.9767805156682909,1.0,484843.27734375,4.219803333282471,5.022305488586426,1,acifjvzvpm.mp4
40.40088481654878,7.3028604761362645,78.77808468364198,42.34643725165552,0.27345781659813895,2.1525442708924615e-05,0.8537345613396276,0.9698851828931352,1.0,2740479841.359375,5.590047359466553,26.50984764099121,1,acqfdwsrhi.mp4
10.567690787562501,0.9076597047784374,80.94782362397117,45.09443478660983,0.25814942705960847,5.7329355826253166e-05,1.0577162324584382,0.9632502997000346,0.875,50723297.49489796,4.513016700744629,29.789499282836914,1,acxnxvbsxk.mp4
107.85219430174064,56.421228915425935,96.10472071116256,162.27183808774038,0.2984837873465745,8.479990465076467e-05,0.993504941483653,0.9487365454649148,1.0,2821949.25,3.286311149597168,12.570355415344238,1,acxwigylke.mp4
174.38552280289562,715.8341664415323,75.51404250257202,592.5262357258895,0.40357200542389315,0.00019639989897864577,0.8016610285215284,0.8491912830187265,1.0,18247853.4375,5.661261081695557,41.029544830322266,1,aczrgyricp.mp4
1.4871814092414586,0.0026353405490658855,50.899755176183135,12.35731293348783,0.28854829309082036,7.31376591325905e-06,0.6498631754041088,0.9900845592921965,0.75,1871169.2430555553,0.3376483619213104,0.4746127128601074,1,adhsbajydo.mp4
172.91656003022894,75.67648207723565,111.62316595936214,34.194684399259195,0.27008277095403366,1.045458524025462e-05,1.029884522883967,0.8833212906124714,1.0,28586355.87109375,7.345828056335449,82.44844818115234,1,adohikbdaz.mp4
8.58524659673746,1.7729624001726403,78.29357031250001,32.143524820911566,0.25606392419900836,6.559285288381432e-05,1.0458908530814677,0.9598172365554647,0.9375,6530160.782222222,1.7225825786590576,12.551689147949219,1,adylbeequz.mp4
471.92329472840174,444.90209177845963,101.021102655607,34.27701081165558,0.33541088691661947,4.285696697076093e-05,1.1602794171742181,0.9089397759614257,1.0,297660.71484375,5.227492809295654,8.750734329223633,0,aelfnikyqj.mp4
10.33943985895803,0.6792472594974991,83.11155516975307,376.4325401384832,0.2564116094429154,2.6605002920223227e-05,0.9577919240276176,0.9565629635279642,1.0,29684935.27734375,5.662527084350586,30.75731658935547,1,aelzhcnwgf.mp4
149.71484189087397,839.8918205732446,76.57939088220165,1306.866087773194,0.4099834979910061,0.0003646381791815174,0.8256183718991297,0.8275716245094479,1.0,439847618.25,6.523866653442383,45.79154968261719,1,aettqgevhz.mp4
10.603545394653032,2.4023294669950164,79.60298675411522,24.335147352988745,0.2677194938762944,0.00010793902579534277,1.0438588751226385,0.9599894748575448,0.875,22172015.265306123,2.6080312728881836,13.629847526550293,1,aevrfsexku.mp4
36.31744729945959,3.366133179362437,94.41556481481481,2213.8249044840345,0.2595554833498952,2.5769801134412617e-05,0.7838614673630611,0.9440533540410916,1.0,486605956.99609375,7.432569980621338,49.13256072998047,0,afoovlsmtx.mp4
75.18114531692115,98.58323899193391,90.99709609696502,66.4611398637604,0.3439808102952584,0.0001651515769914324,0.8417694384962304,0.8396340234798042,1.0,206990544.609375,3.8643240928649902,17.854351043701172,1,agdkmztvby.mp4
79.11022799152684,22.829555209157807,80.19579931841564,335.8432354255951,0.29056572511719525,3.3466999804716164e-05,0.8634958858190191,0.9530550056554123,1.0,31436880.24609375,2.324847936630249,6.07368278503418,1,agqphdxmwt.mp4
57.35275056699687,85.54842055690253,138.04525144675924,2362.22871750686,0.2590351247903626,8.196093699186593e-05,0.8416952792915879,0.9647113091039997,0.875,20189483.025510203,3.8537464141845703,8.19326114654541,0,agrmhtjdlk.mp4
222.78087823379846,7379.015842675916,119.44765117026752,63.109286422748866,0.26112569085269366,0.00040949669776750184,1.0090858442067234,0.9359868202497378,1.0,80488724.65234375,10.911492347717285,83.93294525146484,1,ahbweevwpv.mp4
37.099903523625116,11.726896902199602,83.64017470421813,43.210589310728885,0.26593065641090785,2.2895001263176958e-05,1.0601978801746055,0.9479994661207591,1.0,10149247.359375,5.853956699371338,27.648609161376953,1,ahdbuwqxit.mp4
172.2881318038408,1109.0464491057755,80.24035439171811,455.75553734761127,0.40293777339567577,0.0003472428250419022,0.8034106642077157,0.851203538187737,1.0,10229110.65234375,6.144342422485352,37.86531066894531,1,ahfazfbntc.mp4
452.9072720686338,146.27312895687254,103.57959805812759,34.404828157560175,0.32574421622734173,1.3742919270955901e-05,1.1557848043770127,0.9227461961026989,1.0,591234.58984375,8.317841529846191,16.407472610473633,0,ahqqqilsxt.mp4
21.172722785955152,141.36514848016174,114.68706754758227,754.1832376059755,0.21444985156334506,0.00023480548005912352,0.8609681672381533,0.9792679800462822,0.75,7103723.888888891,4.002786636352539,18.76293182373047,1,aipfdnwpoo.mp4
33.46326427134871,68.26366821054778,77.52622354038067,252.1219659371178,0.29823464498689495,0.00022541813705260604,0.9396543193330777,0.9701477867868422,0.6875,916901170.4462807,6.673370361328125,71.15211486816406,0,ajqslcypsw.mp4
40.14753374783302,1.3999266164596853,76.76253591177984,66.23766913906984,0.2817453621983027,1.083332826621876e-05,0.8297184765201402,0.9681680457855218,1.0,1081248.484375,1.1207962036132812,2.001317024230957,1,ajwpjhrbcv.mp4
3.0855984744672713,0.02596538565462904,64.02325916280864,12.363522437579865,0.2772059314203329,9.95673222507706e-06,0.5966919120832698,0.9510566695512919,0.6875,14252419.685950415,0.5828142166137695,1.4740303754806519,1,aklqzsddfl.mp4
48.064897065531866,142.8735621258764,84.48520878343624,763.2221131566797,0.34230978261517275,0.0007286761390094973,0.7016082409584234,0.8216313421162817,1.0,23452317.9375,6.151607036590576,51.00792694091797,1,aknbdpmgua.mp4
16.631402554561937,1.8562233130809822,61.866277327674894,64.42710990983043,0.3845262865246003,4.45805895204585e-05,0.832006008947928,0.8736563223465681,1.0,1120732901.359375,2.199075222015381,21.247648239135742,1,aknmpoonls.mp4
40.44126014121194,5.719822173806678,75.42689811599794,19.21422434945661,0.27368346277358874,2.6540260951044064e-05,0.85369791170951,0.9700167605149675,1.0,2074895.77734375,4.121638774871826,19.8270206451416,1,akvmwkdyuv.mp4
11.321063382296698,43.55010082111873,101.1537098765432,1872.3932978725436,0.23161625353535292,0.0005009824742408812,0.9483957476412543,0.8488740687414362,0.8125,597620603.7869823,4.848323822021484,61.81190490722656,1,akxoopqjqz.mp4
15.177327374823443,6.596185698546873,59.7033191550926,28.626462194109646,0.3736595072540764,0.00015203928075465328,0.8454393293508827,0.8761924894108697,1.0,1311174453.234375,2.312391757965088,16.24846839904785,1,akzbnazxtz.mp4
108.0103878396973,18.987323339194848,100.65879494598767,1717.7457814639226,0.2954732997311893,4.3822467388843857e-05,1.0065501118942835,0.9464375920743888,1.0,30932994.90234375,4.973519325256348,25.697172164916992,1,aladcziidp.mp4
99.59011986152362,131.6340245805021,94.77477922453704,384.9971283276322,0.29049563623232977,0.00019659344428429542,0.9962369807467701,0.9487564679697423,0.875,86933716.77551019,3.509552001953125,17.944103240966797,1,alaijyygdv.mp4
33.147294641418306,9.668604761920756,88.77671283436214,432.72349270194525,0.2515890643982349,8.527075624106223e-05,0.7867726018791712,0.9450208070883843,1.0,45556575.33984375,7.662694454193115,35.58460998535156,1,alninxcyhg.mp4
11.300414167505096,44.773843616997965,101.48325102880658,1857.5598929865043,0.23112890234056804,0.00048614419528485566,0.9486978621621424,0.848173607088077,0.875,248604870.78061226,4.694826126098633,64.66998291015625,1,altziddtxi.mp4
30.339606253078575,38.68474508958582,129.9771328125,2488.48105798059,0.24914654647015638,0.00024251613271137124,0.7909447796088385,0.9411644369322985,1.0,42834487.83984375,8.70069408416748,64.20001983642578,1,alvgwypubw.mp4
42.33598856560712,3.453949955593627,85.26209850823047,60.03575642159064,0.2787662844755539,8.427897169424123e-06,0.8540081264268843,0.9700471364206877,1.0,3454167.4375,5.540567398071289,32.99701690673828,1,amaivqofda.mp4
11.318114809290131,0.600885131550934,76.78276025591566,33.58629187677131,0.2622703290324256,2.4568146735753552e-05,0.9452785156880235,0.9603279559418574,0.9375,21035102.160000008,3.7961599826812744,24.84575080871582,1,amowujxmzc.mp4
1.505618306148025,0.00791288250209604,52.17112496784979,30.22677576896884,0.2888640848810315,1.859784330318744e-05,0.6500236014403644,0.9901040378579787,0.0,0.0,0.0,0.0,1,andaxzscny.mp4
129.07189067986343,761.4894400154647,84.77454365997941,1402.8762484627844,0.3960137635033052,0.00023892692301738904,0.8388757718133408,0.8339280795388384,1.0,2129101975.7460938,7.28958797454834,61.723228454589844,1,aneclqfpbt.mp4
17.263579705174458,23.944176241174336,115.83658883101853,1576.5122581755597,0.25391061531891707,0.0001820696174307892,0.7677067373123045,0.8532487983222989,0.5,6852837.1875,5.906343936920166,25.18035888671875,0,anpuvshzoo.mp4
429.6060171960261,302.90889536683903,105.33820453960905,25.849040846806076,0.32815477950902694,1.7620213780269502e-05,1.1523173800884647,0.9237253817464977,1.0,918401.109375,5.108888626098633,27.867103576660156,1,aorjvbyxhw.mp4
257.3532267741079,56.25973073773925,96.60390120241769,57.256510575445446,0.31873965392214015,1.2102541466231275e-05,0.9820030390103016,0.954120823785713,0.875,285157583.9234694,2.0619447231292725,3.9797987937927246,1,apatcsqejh.mp4
11.100170637256412,0.32335537089795985,81.64365084876542,253.45104067235226,0.2619164624912592,1.9229947687788116e-05,0.9697110246447622,0.9581995748939376,1.0,13934140.5,5.469487190246582,37.888553619384766,1,apgjqzkoma.mp4
171.24208192491565,62.14336277761868,108.67118090920782,4001.1640743988087,0.35572171526048546,1.1203806432721051e-05,0.8873765548568155,0.9563442233382782,0.625,4113851113.2,5.40837287902832,41.50929260253906,1,apogckdfrz.mp4
27.366733042153506,20.658515927568203,82.2846802983539,21.07626418770424,0.2492162013346646,7.104201518533002e-05,1.0593082745157534,0.948534580179955,1.0,3078853.6875,6.903989315032959,33.27898025512695,1,aqpnvjhuzw.mp4
12.122282320657261,1.0642775687942996,82.95906391460905,69.93834831312122,0.2673608433809229,5.751125142415164e-05,1.0584805502094137,0.9633718839423626,0.8125,60114959.07692308,4.648557662963867,30.518983840942383,1,arkroixhey.mp4
11.281060365512628,43.46071569883516,101.24668807870371,1872.1575363335387,0.23167069522933603,0.0005108699712256046,0.9481609886691351,0.8484089907561052,0.6875,260596029.05785123,5.083117485046387,85.80885314941406,1,arlmiizoob.mp4
49.149422842225036,14.442510111464676,80.63734323559672,1601.9364375018195,0.25170538523793606,6.178642066322899e-05,0.8766613573934185,0.8704023359981072,1.0,1149407.77734375,5.0625901222229,11.286787986755371,1,arrhsnjqku.mp4
13.425868033001631,1.662230386171076,66.46691145833333,96.4557719933346,0.24487948606470802,1.9415967193893643e-05,0.8531765312924517,0.94364918468321,1.0,702424.5,3.6173462867736816,9.893362998962402,0,asaxgevnnp.mp4
2.940457051162389,0.04841170073025027,64.90140274562756,29.536348360326883,0.27346651938089195,2.6525515948238693e-05,0.5973933419359851,0.9499273030179554,0.6875,438669134.9586777,0.7791446447372437,2.5824365615844727,1,asdpeebotb.mp4
81.97373726500477,28.135081559430876,77.56111043595678,533.2488437971814,0.2934212194473525,5.168360812015233e-05,0.8643040565109597,0.9533956817327578,0.9375,2195844.1599999997,2.6831486225128174,3.324098825454712,1,aslsvlvpth.mp4
1.7262224788968255,0.011547945802188021,55.28620746527778,18.974709704972724,0.2746764919783803,4.741052782829675e-05,0.612863255935987,0.9605123395062404,0.0,0.0,0.0,0.0,1,asmpfjfzif.mp4
191.60122068023685,2500.786100607062,123.58647472993827,110.71206025748747,0.2671212277845191,0.00012044023020764164,0.9843822416790562,0.9317780750067078,1.0,74429019.9375,13.00020694732666,116.37934112548828,1,asvcrfdpnq.mp4
189.46702921172428,336.68875143111745,80.81120270704733,366.2742541029828,0.41691151735013443,8.706909018549406e-05,0.8005457973409363,0.8313340220955252,1.0,15086764.5,6.417505264282227,33.307456970214844,0,atkdltyyen.mp4
1.492342510900874,0.003494880064004236,52.61449691358025,16.37654886896765,0.28819450982220196,1.0992331274734706e-05,0.6491725391918017,0.9901959553154459,0.0,0.0,0.0,0.0,0,atvmxvwyns.mp4
229.00488765862707,4547.935084196639,128.72816747042182,69.03450114425986,0.269745369236698,0.00023910902256376592,1.0086922996803491,0.9363992570871865,1.0,105084045.1875,10.096681594848633,68.46308135986328,1,atxvxouljq.mp4
7.68035313044106,14.739801937987792,121.80125868055558,1686.4473384366495,0.22592026405542173,0.0002731684345417767,1.0070268325571643,0.8559351537377115,0.875,807741624.4948978,4.497894763946533,59.599830627441406,1,atyntldecu.mp4
20.9885552184402,38.79036259758406,120.07949758873458,1559.0552065167392,0.26848517402362393,0.000389806350310324,0.7625151457467823,0.8565403380969225,0.875,50708613.73979591,5.1109771728515625,20.053314208984375,1,atzdznmder.mp4
15.146047476160652,6.772737651412035,59.874633616255146,29.05319822199991,0.3736578849506433,0.00015871782452745982,0.844851550010968,0.8768040252361274,1.0,2567002317.859375,2.4334769248962402,18.63640594482422,1,aufmsmnoye.mp4
222.7497694872825,3761.0738555608855,120.01353912680041,43.823833747159505,0.25602103458221037,0.00020563594503287644,1.0106857423598972,0.9386428276017624,1.0,288938086.359375,6.9567952156066895,64.1838607788086,1,augtsuxpzc.mp4
7.776879339500869,15.697320806846271,121.74150829475306,1704.5091407976254,0.22754999009160243,0.0003065919208466429,1.0070928768483443,0.8562521428048777,0.4375,490922123.63265306,4.7840776443481445,80.487548828125,1,avfitoutyn.mp4
67.61097876816993,24.26187982846454,80.53137429269549,776.3115568447715,0.27257340919210504,1.4993036226297312e-05,0.9087348397855625,0.8475200853459759,1.0,1088502.49609375,5.229979038238525,10.834524154663086,1,avgiuextiz.mp4
29.92744699451874,10.37980018902971,85.2958549704218,272.070227318937,0.24959854781699764,3.807528331299507e-05,0.8081886155826451,0.8955102269946229,0.9375,212865949.31555554,4.2086358070373535,15.550946235656738,1,avibnnhwhp.mp4
466.64457706255934,141.2635796967944,101.75152774562758,20.07049197616265,0.32665829079747966,1.1925694745423343e-05,1.152137739435986,0.9218190039232647,1.0,2897434.37109375,6.6925787925720215,28.925622940063477,0,avmjormvsx.mp4
11.754878298006128,1.3595288616799048,79.88949305555555,167.4390022180338,0.2648632315360635,4.728627417081873e-05,0.9446338893368191,0.9609627536883618,1.0,17502042.33984375,3.7920944690704346,24.613515853881836,1,avnqydkqjj.mp4
44.67962291173319,187.85930848287234,78.74688638117284,373.4373129617637,0.33670634734134075,0.0010352922402415434,0.7024561191897634,0.8212473944286696,1.0,36930143.77734375,4.889864444732666,26.206050872802734,1,avssvvsdhz.mp4
2.6911483933741254,0.0698721551407709,65.25795061728395,16.336408593012845,0.2720921094510582,4.971058491681339e-05,0.595493610081522,0.9496184405915185,0.625,406237755.68999994,0.6451289057731628,1.0698367357254028,1,avtycwsgyb.mp4
1.4373739192696213,0.008049973929747784,52.36540743955761,16.680999249848128,0.2885366633387385,1.1741998871091775e-05,0.6499776221815317,0.9900710345236756,0.0,0.0,0.0,0.0,1,avvdgsennp.mp4
8.480872664437367,3.557870342761418,85.33795071373456,132.23639134595973,0.24462692899618865,0.0001079573391650104,1.0568206865822751,0.9631624188031478,1.0,23963352.9375,2.9069085121154785,18.93050193786621,1,avywawptfc.mp4
9.381301778058596,0.7550519776985644,85.71018393132718,564.2867154337641,0.24292374451270954,5.05143163325171e-05,1.0643953389137337,0.9641498813846017,1.0,45523472.55859375,5.336320877075195,35.834266662597656,1,awhmfnnjih.mp4
67.43313470349312,493.72131766809093,78.99161442258232,26.227798382799154,0.3802331040889031,0.0010956566355596062,0.7879824577796581,0.7650009421314454,1.0,43087200.71484375,9.50199031829834,81.96527862548828,1,awnwkrqibf.mp4
142.19926171339137,192.33167058278573,78.16833005401236,728.1255885029544,0.4087986765734194,6.53063675274234e-05,0.8415012137093063,0.8366430930719531,1.0,1400983182.8710938,5.149288654327393,45.89387512207031,1,awukslzjra.mp4
11.175563739762133,44.17671772063612,101.57188416280864,1848.2169299560146,0.23077773596347068,0.0005328823261562198,0.9484944780627892,0.8484094428108191,0.5625,362143366.54320985,3.4582016468048096,35.47179412841797,1,axczxisdtb.mp4
21.85574188840073,17.31649176787885,96.04488644547327,2676.8106498538573,0.30333238732501916,0.0001866351296094231,1.0154632405049766,0.9587058111529476,1.0,1866435.33984375,3.2757813930511475,6.933882713317871,0,axntxmycwd.mp4
106.7438066543019,34.91324125758604,94.83379886831277,668.8544991767013,0.29148727772362176,3.901842591651076e-05,0.9979365899343663,0.9443048559716375,0.9375,36121649.795555554,3.7154464721679688,15.814045906066895,1,axoygtekut.mp4
1.4967557905260374,0.007701827033033728,54.262314846965026,16.645620449730256,0.28942308196394617,1.7668654998677246e-05,0.6499182761928605,0.9900555699339393,0.0,0.0,0.0,0.0,1,axwgcsyphv.mp4
18.728028215366276,4.450733454815969,83.2166896540638,531.6968767910938,0.26186780123608766,0.00010340183987466237,0.8747145209111018,0.9898645918538005,0.0625,0.0,3.1611220836639404,16.593183517456055,1,axwovszumc.mp4
453.33849265497554,214.6307130092882,103.71008841306585,25.053509908260605,0.32486843014547856,2.0325289050340865e-05,1.1542896464397174,0.9229345079430783,1.0,4156402.5,7.246239185333252,21.01786231994629,0,aybgughjxh.mp4
13.815391910891293,2.8253402537966563,66.85798781507201,61.00758897885138,0.24783176684276464,3.796995440780604e-05,0.8537189608785675,0.9437829715017098,1.0,64651282.80859375,3.5496156215667725,10.526613235473633,0,aybumesmpk.mp4
1.6237831520166908,0.042212686471103184,55.581021958590526,20.79273285474495,0.2735384973059465,3.8204247504861484e-05,0.6116516492862771,0.9598481937373673,0.0,0.0,0.0,0.0,1,ayqvfdhslr.mp4
79.40374749568025,21.885425809130922,79.81796993955761,329.36116493763285,0.29021670665365507,3.091901030514111e-05,0.863276943303847,0.9528575630025229,0.9375,22834424.248888884,2.5073492527008057,7.291049957275391,0,aytzyidmgs.mp4
11.215513572370416,3.5403042865644725,81.34525302211934,16.989483694695842,0.27200840863101416,0.0001565941747726855,1.0459578768144042,0.9596306795952916,1.0,15255688.93359375,2.7798516750335693,12.662551879882812,1,azpuxunqyo.mp4
84.02074757952028,29.093370620292454,81.91323350694444,394.6712028797368,0.29319869336480153,6.336340335411309e-05,0.8632083297438156,0.9529835179323662,0.9375,5820214.462222222,4.205461502075195,9.362069129943848,1,azsmewqghg.mp4
222.079320657619,3505.4852105456102,122.60995257844647,41.79564845638109,0.2621652363446781,0.00023647027387647913,1.0156100414629234,0.9354953320006703,1.0,36375518.49609375,12.5159912109375,100.1816635131836,1,bahdpoesir.mp4
45.85634237328556,4.866118773192699,78.57415843621398,16.560863692939414,0.26157022791714984,2.3104731915483334e-05,0.8285727304458498,0.9651220422060194,0.8125,1380714.8520710063,2.254488468170166,3.1283483505249023,1,bbhpvrmbse.mp4
27.323227650459245,0.8702141906533717,82.69197964891974,133.03591559921722,0.2967556270266212,1.7622881478088772e-05,0.9208372867911241,0.9865414398051477,1.0,390047.55859375,5.024350166320801,7.473296642303467,1,bbhtdfuqxq.mp4
1.5155049464491765,0.009339033221481795,52.31942971965021,30.3561492990896,0.2891305822198872,1.859436771100808e-05,0.6500130976191606,0.9900884633398713,0.0,0.0,0.0,0.0,1,bbvgxeczei.mp4
12.733369366486214,0.9132837693956628,62.11451752186214,234.4695011884044,0.24473423308401823,1.1730508682142772e-05,0.853926864970904,0.9437216540246613,1.0,19267130.25,3.5966851711273193,10.106457710266113,1,bchnbulevv.mp4
40.17457746353929,92.43842675167664,121.00655661651237,453.4619295156341,0.23888345441737885,0.00013625924841056936,0.93055986058403,0.8988751365998364,0.875,2346605.2091836734,4.672184467315674,13.836299896240234,1,bctvsmddgq.mp4
71.40307183437947,115.48248270258796,88.919629533179,25.297529892163016,0.3371090021327204,0.0002596667690272996,0.841124577900449,0.8388330670247123,1.0,112301037.99609375,3.0341289043426514,8.639775276184082,1,bdbhekrrwo.mp4
113.57164711581349,263.7360129186221,64.11231278935186,23.67315277042036,0.4338635184738925,0.00012385584567694392,0.7537042131169498,0.8240323999986892,1.0,7990223.5,3.6757054328918457,14.866652488708496,0,bddjdhzfze.mp4
141.3102674993656,281.9457096052803,86.60439338991769,85.20504382264629,0.396023234536233,0.0002026505586404682,0.9494525682752581,0.9590408628978248,0.75,10049551.472222222,6.978984355926514,63.4870491027832,1,bdgipnyobr.mp4
215.33638394002918,2053.577176648235,125.11705561985596,32.938133617489505,0.24991510788624366,0.0002759568280391823,0.9739913604743979,0.9178330897162105,1.0,108358398.9375,9.225178718566895,87.66715240478516,0,bdnaqemxmr.mp4
201.39439635185065,293.8653463396988,79.31725533693415,67.97992073125741,0.41759281743411125,0.00014698653672506564,0.7995200407823446,0.8290016065211905,1.0,14339319.24609375,7.090278625488281,44.34744644165039,1,bdxuhamuqx.mp4
108.15481938631795,10.62036649841282,95.52595399305555,337.49689284936807,0.2967331248057107,4.398728009412755e-05,0.9945818854285735,0.9487970342694988,1.0,7404074.96484375,4.235117435455322,22.877946853637695,0,beboztfcme.mp4
42.35142447727145,0.8400170661109698,76.34496743184157,21.685770784859333,0.27433192187052674,1.0052759306018063e-05,0.8467376484276918,0.9676883621443793,0.875,81329346.97959183,3.6293234825134277,9.39583683013916,0,bejhvclboh.mp4
20.873898811952756,165.0691057853474,117.94690477109056,1201.299574045885,0.2630383248866741,0.001281728295834396,0.9122089903984802,0.8697953348311487,0.9375,928703565.7600001,8.62136173248291,119.62468719482422,1,benmsfzfaz.mp4
196.02609919788733,1690.8923729583744,125.10577025462962,24.08487823886606,0.24403916660733,0.00021067779638242446,0.9765809696502048,0.9169560859678958,0.9375,552197024.7822222,8.066730499267578,93.66519927978516,0,beyebyhrph.mp4
85.95646201522324,192.81597205409446,76.56567724408437,44.30048341366944,0.25767294415209474,0.00010988825958587806,0.8491558705430877,0.9722667416636201,1.0,1511161.15234375,4.278244495391846,6.367269992828369,0,bffwsjxghk.mp4
1.5190157200390746,0.06295733671040496,57.59325401877572,18.44257146585619,0.27121535009399855,6.065954608425604e-05,0.6120213745747669,0.9594922391826632,0.0,0.0,0.0,0.0,1,bgaogsjehq.mp4
10.873496761504516,2.1962836874700615,80.80563676697531,24.95851866765144,0.2678512378002976,0.00010689968964436837,1.047772991158053,0.9603459159354173,0.875,15057880.025510207,3.1741840839385986,18.906923294067383,1,bggsurpgpr.mp4
36.06301754057676,10.532581599359307,85.08371158050412,29.402010617717306,0.2676734611865128,8.000734370493372e-05,1.0588434375999702,0.9484259554228839,0.9375,4724272.622222223,6.432875633239746,33.65135192871094,1,bghphrsfxf.mp4
29.95433567675195,1.677931692302697,75.67165914351851,204.4802884610095,0.266380231921969,1.39822987428576e-05,0.894798886515568,0.9917922313479658,0.625,6862345.65,3.013645887374878,10.321603775024414,1,bgmlwsoamc.mp4
492.23842762818526,112.38281167418023,96.68630118312757,24.322023010970614,0.3325641114882792,9.955450305959002e-06,1.1676248696291278,0.9116583780599296,1.0,12823658.4375,1.2367807626724243,2.9649720191955566,1,bguwlyazau.mp4
4.767001682263528,3.200509869834882,108.44332883230454,1301.0188374857364,0.21634571173914757,0.00014528167885662316,0.9140075619052045,0.9758706000799187,0.25,413201665.6875,3.3629302978515625,22.524974822998047,0,bgvhtpzknn.mp4
40.26704926269308,133.50231722875338,125.7116422968107,1781.980103047659,0.24139870987199874,0.0002674487588979743,0.9225595004695373,0.8866265004935414,0.9375,2937358.24,4.428435802459717,11.556650161743164,0,bgwmmujlmc.mp4
26.56297483297171,191.33894095003177,101.68463152649177,1473.875669866015,0.24405961099804369,8.02688456861062e-05,1.0154827463062222,0.9507245711112432,0.8125,23378737.171597634,4.269193172454834,21.94297218322754,1,bhaaboftbc.mp4
32.65485703381874,41.23189509431338,129.82429253472222,2517.3851474452254,0.2523769002252947,0.00021064422890095113,0.791599446102899,0.9408653455939593,1.0,54481273.5,9.491986274719238,65.123291015625,1,bhbdugnurr.mp4
19.298099657038527,2.2823478137727204,67.74625967721194,377.8347036700432,0.3930884437564102,9.455546554132071e-05,0.8353381433014306,0.8732188975238493,1.0,1596227958.4375,3.9267427921295166,37.04273223876953,1,bhpwpydzpo.mp4
54.55447825732575,9.859440290012735,96.29204285622428,3700.2549323996673,0.24899248813265984,1.3486416805583548e-05,0.9079074240982203,0.8660885204878149,0.8125,18390587.100591715,2.932896852493286,4.688199520111084,1,bhsluedavd.mp4
5.674954393702378,0.2851451282202271,88.31277170138891,177.86404863795343,0.25771477467941084,3.225311971482569e-05,0.9273152863872095,0.9664485277216215,1.0,7045201.74609375,4.3343186378479,46.89719009399414,0,bilnggbxgu.mp4
53.781581029412855,4.061897409828329,68.19513876028806,353.10775760535165,0.2472618289833292,6.264810064386004e-06,0.906357041349527,0.857475015528933,1.0,2326511.4375,2.959080457687378,1.9173334836959839,1,bjjbwsqjir.mp4
18.559206894577784,1.2596615606421373,66.77159921553498,335.51613843080145,0.3892140060974494,8.472324689988902e-05,0.835960878405588,0.8725888920218268,1.0,1413498419.5,3.7779510021209717,31.285600662231445,1,bjkmjilrxp.mp4
10.228442391365888,1.4232323851747033,77.21481954089508,41.13263018602743,0.26597870073420055,8.581873274398736e-05,1.0442055707657976,0.9597012612351487,1.0,10679151.80859375,1.5538781881332397,5.212524890899658,1,bjsmaqefoi.mp4
135.76992123080007,244.85521450933945,85.60300755529836,740.6502513340419,0.4068341976431539,0.00018574278930035196,0.828986319462949,0.831542297653058,1.0,513084755.96484375,6.875369071960449,58.32263946533203,1,bkmdzhfzfh.mp4
40.66798277268393,82.91577491722917,120.99162561085392,437.7507931931623,0.24038747979555605,0.00011092803345542093,0.9311662104904245,0.8987629316124877,0.875,2285403.9234693875,4.3974785804748535,13.184003829956055,1,bkvetcojbt.mp4
1.6145639824128408,0.010195033032987778,55.775690907921806,12.651064485470151,0.2742047242794314,3.243335509710715e-05,0.6139574482149401,0.961592755756537,0.0,0.0,0.0,0.0,1,bkwxhglwct.mp4
59.64842065510838,244.32694113520247,75.26804385288065,77.71531864787298,0.24863688383175733,0.00020398413293076843,0.855634649551017,0.9746741196259437,0.25,9587787.0,1.01527738571167,0.5513883233070374,1,blpchvmhxx.mp4
42.85546098262117,0.9621574335835101,78.91852359825103,45.8680833937809,0.27755463127859653,9.902941922495172e-06,0.8558191351462648,0.9702080607560444,1.0,4231056.15234375,4.336366176605225,19.416400909423828,1,blzydqdfem.mp4
8.998751805864343,2.7841576031663444,86.14760683513376,121.97922356993872,0.24756488641687346,6.354353239042001e-05,1.0576016725092132,0.9631557770084017,1.0,32193680.27734375,4.161751747131348,25.81995391845703,1,bmbbkwmxqj.mp4
5.64249645391965,7.461720921747534,120.97962419624487,1103.7835900073637,0.21992728442627585,0.00018470532707925416,0.9213040319180434,0.9773105823997076,0.25,508016042.25,3.330425262451172,27.370845794677734,1,bmehkyanbj.mp4
31.131874814962455,2.1462297821165754,101.94026186342593,2410.6734435653043,0.25039688450412534,2.2234245493522484e-05,0.8014644742193738,0.94372048914817,1.0,425148188.02734375,8.461709022521973,41.81523132324219,1,bmhvktyiwp.mp4
28.90867708400188,77.24972778899122,134.0630541730967,976.7370712038339,0.22803846282734874,0.0002874679050615134,0.9215549999001353,0.8545309844248445,0.9375,823149.4488888888,4.516225337982178,16.96843147277832,1,bmioepcpsx.mp4
17.203557306007088,1.803266896254346,61.53144537680041,82.86119621971706,0.38229142360109525,5.046122560863526e-05,0.846439688929724,0.8769194534262852,1.0,1315388059.9375,2.6455419063568115,25.64766502380371,1,bmjmjmbglm.mp4
142.79704748906153,868.9014151642372,75.01638895318929,156.0750913962143,0.40462070335499367,0.0001976698166875229,0.8235155452465057,0.8238897337352835,1.0,1731460823.3710938,6.384152889251709,49.72173309326172,0,bmjzrlszhi.mp4
30.00679624374625,0.7764476159371833,73.92247045396091,395.28383969483536,0.27362771665877966,2.1405939986890438e-05,0.9339680005700903,0.9859018489938756,1.0,3197584722.109375,6.831177234649658,23.27676773071289,1,bnbuonyoje.mp4
17.80883351704163,1.5811473998087346,64.66506944444444,147.6336954978057,0.3842015174294705,4.54656287453122e-05,0.8335785173160017,0.8724076833451544,1.0,2129876729.5,2.4127371311187744,20.64166831970215,1,bndybcqhfr.mp4
16.538094240485094,1.1563095474297385,63.503005851337456,51.67523361493436,0.37830666857218226,4.0753143138681105e-05,0.8417201139905344,0.8750461787927427,1.0,22801900.5,2.7627007961273193,23.968055725097656,1,bnjcdrfuov.mp4
184.6898048511298,1165.9519122416525,83.14822170781893,175.71883988355785,0.41287065719990956,0.000302799090315834,0.7976847037989241,0.8329814956397503,1.0,324826504.43359375,6.214613437652588,32.19780731201172,1,bntlodcfeg.mp4
42.84534131548457,0.957074289516844,78.9218320473251,54.65050586042242,0.2775707626510912,8.486241550897541e-06,0.8558958686171649,0.9702176730264861,1.0,44673236.25,4.066102981567383,18.753841400146484,1,bofqajtwve.mp4
49.35567745585844,297.47961268463,82.84960802469138,842.2240058627387,0.22249332302610247,0.0003687678095591636,0.8578779178773284,0.9801792564799142,0.75,1452810752.576389,3.7432358264923096,22.958589553833008,1,boovltmuwi.mp4
167.01505544763654,103.39499747002186,100.3548425925926,2837.679092023145,0.35391031320720123,1.788875723632873e-05,0.8861104371790307,0.956136175970252,0.75,945450516.7430557,5.115152359008789,31.88086700439453,1,bopqhhalml.mp4
185.45670435349697,267.4091407769853,110.57256806198559,26.720438322996706,0.2787457877137061,8.3543484890554e-05,1.024605950940845,0.8834686693058911,1.0,23264810.02734375,9.439091682434082,92.73500061035156,1,bourlmzsio.mp4
41.26409719351472,5.442257750410269,78.30612310313785,22.294320565494186,0.27295078663713046,4.2201569540662e-05,0.8534483416279527,0.9697999390739049,1.0,5896927.33984375,5.734506607055664,27.627161026000977,0,bpapbctoao.mp4
30.767432692037882,11.041361537180098,83.29640470679011,365.9503962624042,0.2512382735305341,8.095072183396078e-05,0.8098625605720575,0.8961735394840088,1.0,109207768.609375,2.542555570602417,5.50126314163208,1,bpwzipqtxf.mp4
12.543564296183726,0.7457946143120862,76.47794675925927,201.77320809188032,0.2808428354088447,2.5053013588518012e-05,0.9257828041333412,0.9620346757104525,1.0,12788215.71484375,3.3118417263031006,25.304258346557617,1,bpxckdzddv.mp4
181.05276532745177,1196.4265602370783,83.08089297196501,175.3052041028294,0.41394131676434964,0.0003215399513562293,0.7968322540936847,0.8330888459182888,1.0,769763477.0273438,5.388978481292725,32.639652252197266,1,bqdjzqhcft.mp4
66.07166161121825,62.625372520836166,80.46828735853909,1742.4300814199983,0.2723303054528706,9.013482719911551e-05,0.9070485249500474,0.8506722448140314,1.0,489756.75,4.018640041351318,6.173952579498291,1,bqeiblbxtl.mp4
11.4189393368471,43.383819405357855,101.6788744534465,1841.6457809887022,0.23187367294138347,0.000486636939129035,0.948630016963036,0.8478543691576026,1.0,361562287.9375,5.0193986892700195,78.12367248535156,1,bqhtpqmmqp.mp4
1.4747131471098278,0.005361477762150088,52.409846129115216,19.911874568381545,0.28770419129805136,1.2523439225148572e-05,0.6492148524821201,0.9899729562922818,0.0,0.0,0.0,0.0,1,bqkdbcqjvb.mp4
26.633563799728897,17.94222641992573,85.16844785236627,142.96310599082616,0.24123336842367193,7.251980291793054e-05,0.8108678554544284,0.899515157655284,1.0,52145880.43359375,7.893167972564697,33.393898010253906,1,bqnymlsayl.mp4
83.71135356499549,38.2338632281202,81.86360853909466,396.34854015091736,0.2931139682037579,7.7730592661328e-05,0.8631067968330477,0.9529984901983348,1.0,890957.734375,4.122012138366699,8.842130661010742,1,bqqpbzjgup.mp4
13.59205636391165,25.973710465980695,120.07987175282919,1174.0060578402179,0.2352116352073983,0.00041525129104012304,0.7647880753180097,0.8538211982999969,0.875,5949583.836734694,5.731546878814697,26.36222267150879,1,bqtuuwzdtr.mp4
21.57947125105614,11.191624405964502,114.43073324974281,740.3851598250411,0.25160075793991343,0.00015563723725710077,0.9448630976439916,0.9863237222797165,0.5,313027370.25,4.7079057693481445,36.951683044433594,1,brhalypwoo.mp4
74.04945863303394,84.94914092034941,85.6955597029321,63.42454472520319,0.3406033975970644,0.00016802173065094548,0.8446496103603911,0.8408115057226037,1.0,70551021.99609375,3.0077173709869385,8.328640937805176,1,brvqtabyxj.mp4
61.02294415366762,289.1086117770625,75.22843152006173,1349.287922351465,0.26317624875269247,0.00016974996938674852,1.0055038782653336,0.9218205352498615,0.875,1048283.0663265307,5.764656066894531,12.414140701293945,0,brwrlczjvi.mp4
62.71974975358032,7.56662700057102,82.26007738554527,1014.9711214274303,0.2652926461808803,4.287815968472534e-05,0.9015415305893217,0.8613909221119332,1.0,220275.4375,5.2071051597595215,11.792547225952148,1,bseamdrpbj.mp4
9.041085722894877,0.6430669682783547,83.10896762474279,177.02842935902987,0.2509608630016025,2.056324874378402e-05,0.9478574345697108,0.9552212225386167,1.0,2374376.4375,5.709319114685059,38.43839645385742,1,bsfmwclnqy.mp4
60.687007948134735,282.77925020903865,75.65005645576132,1346.534955466705,0.2628457593899607,0.00016693004343642433,1.0037998829084738,0.9221735650563558,0.875,10257629.739795923,5.479564189910889,11.104080200195312,1,bsqgziaylx.mp4
11.10703474633165,0.6088552597415314,75.99263548096707,181.46889609638694,0.2595988032417715,3.986248096671872e-05,0.971296301423765,0.9584897138815255,1.0,17614917.9375,4.576510429382324,22.870159149169922,1,btiysiskpf.mp4
59.502957341099595,14.333784635604536,107.82455449459876,11.545240082896209,0.2520899270710232,4.0513255750388664e-05,0.9615853007061934,0.9682763824999714,1.0,15159988.27734375,1.8752977848052979,20.771942138671875,1,btjlfpzbdu.mp4
13.413242671394112,0.9716712185336407,76.8517154385288,30.605611051639972,0.27386119858904356,3.5726447515224595e-05,0.9453265484161432,0.9603696390863267,1.0,34200992.109375,5.299095153808594,31.78370475769043,1,btjwbtsgln.mp4
57.0319913065566,84.99432159851901,73.00677980324075,557.6503766004226,0.2572884763186051,7.609851513731725e-05,0.9014908533588601,0.8624066071267374,1.0,565869.43359375,4.307662010192871,7.838285446166992,1,btmsngnqhv.mp4
10.828902825578893,2.2732532244435064,78.84934014917695,27.764883614888962,0.2655756540225051,7.163803911579899e-05,1.0445079391103365,0.9596392031366983,1.0,7557201.71484375,1.719222903251648,4.185669898986816,1,btohlidmru.mp4
23.401451947164485,16.643680216937646,75.32652806712964,1331.4168195447883,0.2869568477957331,0.00016304008453472968,0.7972091020283316,0.8308314503682166,0.9375,16466709.76,2.5334646701812744,16.5500431060791,1,btugrnoton.mp4
45.52914388918222,8.311022545871282,72.1103716885288,217.99931325770285,0.27458031817915124,1.0265588670633699e-05,0.8704970710332169,0.9772478510227594,1.0,125097270.984375,4.254212379455566,8.136920928955078,1,btunxncpjh.mp4
440.3321161272685,169.59470491394225,104.68690489969137,23.237254781369092,0.3242763082580399,1.9416809345124087e-05,1.151816101002714,0.9252052086444144,1.0,2344205.25,7.991400718688965,24.75901985168457,1,btxlttbpkj.mp4
431.4783565470903,273.56866250829756,105.61610085519547,28.96186900272164,0.32745520129950256,8.69229550860396e-06,1.153771344121626,0.9215360561994455,1.0,610208.5,7.140712261199951,22.8341064453125,0,bulkxhhknf.mp4
17.351202453439164,1.6818990755117462,61.69701298868313,80.99281057841664,0.3782744130886453,4.544404825629589e-05,0.8466434009091495,0.8772874156991882,1.0,1488625765.3398438,3.612982988357544,29.27236557006836,1,bvgwelbeof.mp4
5.648253143452587,4.558385846201839,118.20623659336418,1118.6857672635242,0.21856928941399928,0.00021453872601523644,0.9142970909157395,0.9778892185502632,0.25,652396563.1875,3.41349458694458,33.78478240966797,1,bvzjkezkms.mp4
73.99840772198151,84.10043394773871,85.708463123714,62.779164098298956,0.34014046280269533,0.00016595898285569696,0.8445022392546981,0.8407141172641115,1.0,19321822.93359375,3.070845603942871,8.428300857543945,1,bweezhfpzp.mp4
47.180454226725104,5.022266551030674,75.54592335390947,214.36409612612937,0.275985271348478,7.473365416048852e-06,0.869663400609203,0.9771584754165017,1.0,869569.9375,3.8507258892059326,5.421454429626465,0,bwhlgysghg.mp4
65.41972058715544,49.927684645591825,78.16186287937242,223.48316174208102,0.2542606423611509,2.635408545172098e-05,0.8533457644504095,0.9741856769026019,0.4375,10161442.530612245,3.1760571002960205,2.5929362773895264,0,bwipwzzxxu.mp4
1.5926965779609898,0.06044226574680334,57.911014081790114,21.2978432909728,0.26792383756230864,5.579780263650199e-05,0.6164341486762841,0.957740159889612,0.9375,8410011.84,1.7698935270309448,14.954999923706055,1,bwuwstvsbw.mp4
184.29520920079418,163.4422476812387,110.75098942258231,28.742309869693347,0.27700534646850405,5.631062951316971e-05,1.025004016966506,0.8813404799854139,1.0,24520760.25,9.4705228805542,91.04252624511719,0,bxzakyopjf.mp4
43.307893432117,176.58643944806127,78.8952768132716,364.4036067456284,0.33404358224906494,0.001035616032044697,0.7027575171460998,0.8213903948657985,1.0,11982336.40234375,4.57391357421875,24.741981506347656,1,bydaidkpdp.mp4
3.224309080367037,0.08406200070899134,70.22904086291152,30.920782824927553,0.2841056210559647,4.1692220185698186e-05,0.5963973954921228,0.9494245719946431,0.375,252211518.47222218,1.42340087890625,4.7714033126831055,1,byfenovjnf.mp4
108.13983885462483,32.19253445773018,94.41214326131688,253.73244559074888,0.29369931528115323,7.60429512386273e-05,0.9951181956274033,0.9443288261429899,1.0,5177206.43359375,3.320888042449951,14.82037353515625,1,byijojkdba.mp4
155.60746906502317,26.73300835480202,107.49930372299384,21.333297159565724,0.2656404982923739,2.8208633802195946e-05,1.0512587634859336,0.8849100269929344,1.0,39392263.5,7.66399621963501,65.07877349853516,1,byofowlkki.mp4
22.128337770360883,12.368733334315785,75.0044006880144,1340.326060878197,0.27944085138143243,0.0001455854580051748,0.7957687359970336,0.829897161729869,1.0,6404898.75,4.1784138679504395,20.94854164123535,1,byqzyxifza.mp4
110.37717968692614,446.02174312157655,90.18016052597736,2589.652372666301,0.44161324781779454,0.00019123353965038044,0.7558506374340133,0.8313973022916263,0.875,456014395.3469387,3.7088623046875,18.85584831237793,1,byunigvnay.mp4
62.706624802001144,7.3547294499640365,82.03001195987653,1020.5584198139036,0.2650991172468233,4.212081500745666e-05,0.9014537977535446,0.861343427321535,1.0,475071.4375,5.0224714279174805,11.491673469543457,1,byyqectxqa.mp4
57.64133393312402,215.65142224192246,92.6486116898148,1923.8290470506693,0.26326895030542785,0.00022195454258891099,1.0048574692587193,0.9207961338073204,1.0,3844011.71484375,2.971806526184082,4.969803333282471,1,bzmdrafeex.mp4
40.46566810224231,1.4344725100493958,76.23400405092593,65.06073879323166,0.28104978665244984,1.1879718150335433e-05,0.829486825992578,0.9678452439266128,1.0,2682121.46484375,1.2557767629623413,2.4697091579437256,0,bzythlfnhq.mp4
49.48859290510262,16.844059158321258,100.48308240097735,830.2073507208914,0.2596414428284932,4.104116435083227e-05,0.8215671665882791,0.9653267585739481,1.0,25859806.5,2.523547887802124,6.577220439910889,0,caifxvsozs.mp4
43.796402769291376,16.6143485505653,76.85654063786008,380.43519301357907,0.2725648452773691,2.1019327216282915e-05,0.8704992752571472,0.9770513144624258,1.0,232538938.18359375,3.4701642990112305,7.567168235778809,1,caqbrkogkb.mp4
168.68510976939262,186.08946645257384,107.99436400462963,23.31434984166178,0.2734531293459773,9.533318826973885e-05,1.0601841656959148,0.8863459036938115,1.0,15920544.40234375,9.903947830200195,122.94306182861328,1,cbbibzcoih.mp4
82.52404446192901,49.13823601554728,79.19131034593623,388.1952241799645,0.2969288283605305,9.650477976377668e-05,0.8649567758281667,0.9530675462249512,0.6875,1170707.5371900827,3.1186277866363525,4.568702697753906,1,cbltdtxglo.mp4
40.76712627610522,7.110801949692532,78.1906166409465,42.850849606541765,0.27347430877123724,2.3231123018527902e-05,0.853421828099648,0.9696658093852504,1.0,3148638504.984375,5.402953624725342,27.114896774291992,0,ccfoszqabv.mp4
11.15720143125453,0.5034956022300492,76.30792602237653,168.29840919315367,0.2606440436567009,4.2678341271259984e-05,0.9720644545642494,0.958728815116131,1.0,14351755.93359375,4.034203052520752,21.889719009399414,1,ccmonzqfrz.mp4
51.6889432918768,14.442630607950422,67.30726321373457,761.298166278381,0.24429827243056607,2.4452755986480904e-05,0.9065793447401436,0.8593987980072854,1.0,5115067.234375,3.618847131729126,5.170231342315674,1,cdaxixbosp.mp4
27.26111898832346,20.806535146823016,82.32235985725309,21.69695178388545,0.24944900571191056,7.055655065716953e-05,1.0590239813289188,0.9484316764638518,1.0,4502901.109375,6.917304039001465,32.033653259277344,1,cdbsbdymzd.mp4
9.476447395044188,42.68654750443483,108.91296055169754,547.5781543244354,0.23410308651998898,0.0009417993364580182,1.0195487172025233,0.8368844008261296,0.9375,859136662.7822224,6.968658924102783,92.84235382080078,1,cdphtzqrvp.mp4
1.4988538926143178,0.0038572418138865627,53.27217164994856,18.17320802557812,0.28861627735158907,1.044160454872589e-05,0.6492622384894762,0.9899548717415474,0.0,0.0,0.0,0.0,1,cdyakrxkia.mp4
444.08065893392836,139.61539382198387,105.66707802854938,9.564947023990408,0.3254266146520094,1.3554808652454625e-05,1.151920989288815,0.925045404802906,1.0,1346002.80859375,7.873465061187744,21.36196517944336,1,cepxysienc.mp4
22.962691684032855,227.0275986752156,117.33157632458847,1213.0925041488845,0.27135074377479407,0.0015371560525451653,0.9170008506136089,0.8680307650503365,1.0,399719234.68359375,8.989034652709961,113.25471496582031,1,cettndmvzl.mp4
1.6283773985337273,0.012982973654506718,55.587859728652255,14.504752839665437,0.27442613680745287,3.96393159067977e-05,0.6135579468936765,0.9615756105976643,0.0625,0.0,1.0122349262237549,4.553074836730957,1,ceymbecxnj.mp4
246.18141261545057,65.19957243761341,94.56216695601853,16.059213086748787,0.3144642986330977,9.510979066847607e-06,0.9871629594138072,0.9529151742062146,1.0,197155545.0,2.343208074569702,2.002612829208374,1,cferslmfwh.mp4
18.799130370386223,99.55705538948368,126.61644280478396,2816.4902696338236,0.2361764118883115,0.00010529671703244215,1.0340308704872463,0.9579078999103325,1.0,82584902.49609375,3.588866949081421,20.894001007080078,1,cffffbcywc.mp4
30.55117870730163,114.40148370057159,77.66226623585389,529.9799650591842,0.29467447036671457,0.0003511392020846409,0.9398343955411503,0.9699801454175554,0.5625,886405585.4320989,5.9785332679748535,66.88119506835938,0,cfxkpiweqt.mp4
10.509386303902776,0.5025488785174087,55.28669081147119,52.24180173436801,0.3760629147435488,4.72640843447635e-05,0.8539256834519343,0.8602147889781856,1.0,1172511195.2148438,1.533526062965393,4.9144287109375,1,cfyduhpbps.mp4
39.950098477269115,1.5415754592177249,79.3435027006173,22.38412743163415,0.2821730201531891,1.4857932415917653e-05,0.8319191068205896,0.9680777175880029,1.0,5148869.859375,3.2519478797912598,12.883545875549316,1,cglxirfaey.mp4
36.84476241281392,0.7210016958869303,80.98556176054527,25.071703259351413,0.2659157277876468,9.491308689694524e-06,1.0594001849421981,0.9480117587367682,0.875,4345982.494897959,6.210593223571777,31.38943862915039,1,cgvrgibpfo.mp4
234.2364277773248,6200.165558859371,119.28348993698559,97.16529320620586,0.2617996977600806,0.00028280028276929533,1.0074294332260136,0.9352455581398758,1.0,133465004.08984375,9.332059860229492,79.7161636352539,0,chtapglbcj.mp4
248.4278197557436,83.57853202723996,97.7262213863169,19.846164789027785,0.3153587296709253,1.3810000565627696e-05,0.979806254047244,0.9535985153015913,0.75,373737645.90972227,4.61596155166626,13.013965606689453,0,chviwxsfhg.mp4
106.77295478847103,34.161169296764534,94.7464078896605,668.0869767037998,0.2911739832053212,3.6702751187788326e-05,0.9977043605350093,0.9442846282239471,1.0,13485582.859375,3.9405698776245117,14.789362907409668,1,chzieimrwu.mp4
29.204695181937428,3.759394932301488,86.20343656764403,632.0590295772164,0.24740215931680884,5.284587878117134e-05,0.8083716350110594,0.8975912988720646,0.875,114627682.48979592,8.832640647888184,47.36043167114258,0,ciyoudyhly.mp4
12.096169753850564,0.3984573968873708,76.13689911265432,208.80986385023442,0.2783136637044453,1.808942392467345e-05,0.9255666686343822,0.9621249793268993,0.9375,7494612.159999999,2.7218077182769775,18.907102584838867,0,cizlkenljw.mp4
47.49916073318733,10.442793416784339,78.61988593106996,23.59405813570551,0.2627292657889671,5.4572527367298463e-05,0.8244179209280729,0.9653303371317513,1.0,1375027.37109375,4.992515563964844,8.575601577758789,1,ckbdwedgmc.mp4
1.2447922391921276,0.0070147997357225145,56.028706950874486,26.621635179770276,0.26512607171519387,2.7445964740350045e-05,0.6034854750189718,0.9565406893444094,0.0,0.0,0.0,0.0,0,ckjaibzfxa.mp4
47.023970223257734,237.63317121448256,88.48833950617285,1290.395859642664,0.25302543112152254,0.00018671472845280387,1.0064025233990996,0.9188682888433843,0.875,4743440.408163265,4.488433837890625,8.523595809936523,0,ckkuyewywx.mp4
64.71024058257177,50.249671773171784,78.29139737654323,226.935013506154,0.25409179898717316,2.7357203396673245e-05,0.8535256539132823,0.9742323667180317,0.5,944345.484375,3.614367961883545,6.208498954772949,1,cknyxaqouy.mp4
193.3612698959327,378.61581366305415,80.81546926440329,359.77890971971556,0.4192395250732967,0.00010851664595682267,0.7998175740401059,0.8329515941164873,1.0,340114664.109375,6.209031105041504,31.529476165771484,1,cksanfsjhc.mp4
9.671610053315067,0.5865298541701913,83.1362772633745,378.753638266519,0.24972622495581584,2.204944953789694e-05,0.9578383083365638,0.9567233275116084,1.0,18904993.99609375,5.517799377441406,37.812034606933594,1,clihsshdkq.mp4
69.80643862553254,8.17160099906543,86.92370704732511,2856.6608821483214,0.263636924045093,1.8512591790987737e-05,0.8992368228297252,0.8629133278356033,1.0,2934821.02734375,4.746995449066162,10.416479110717773,0,clrycekyst.mp4
31.02093055472328,0.9047217400096089,70.60479642489713,162.98414096046653,0.27925123436338384,1.2756907474384796e-05,0.9355013216405015,0.9859693710632771,1.0,577571.5,6.461904048919678,13.781414985656738,0,cmbzllswnl.mp4
18.910615187027798,99.17864142601749,126.60137152777779,2820.8644783514756,0.23629838983829335,0.0001076687058344265,1.0340463001509241,0.957893827340401,0.9375,33050126.995555557,3.9225692749023438,22.71502113342285,1,cmxcfkrjiv.mp4
175.31156792365442,628.5710907122279,86.5735346257716,916.3771968334793,0.40420339345039324,0.0002269977326857274,0.7942404853352198,0.8457369982221081,0.9375,13112186.622222222,5.901463031768799,39.558570861816406,1,cnilkgvfei.mp4
64.64424475535725,49.39361464035285,78.29481314300412,220.8662604440518,0.2541189018399034,2.6278186758220425e-05,0.8534591302744772,0.9742838171015572,0.25,48921415.6875,1.6334196329116821,1.2951210737228394,1,coadfnerlk.mp4
27.964338792132367,0.6844551653090918,80.73607079475308,882.7838646974084,0.29730878577261743,1.560386378624318e-05,0.9213952638173155,0.986201366862776,1.0,11355108.43359375,2.5101890563964844,2.888402223587036,0,cobjrlugvp.mp4
37.0520522941147,12.077953557558773,83.74603957690329,40.31717842248756,0.2668148223745254,2.371607507329475e-05,1.0604155472199501,0.948044859786092,1.0,16215226.65234375,5.687639236450195,30.974515914916992,1,covdcysmbi.mp4
27.36589511229898,1.1881441523687302,81.96140734310701,155.00864507803573,0.2963152084834919,2.5093245028464022e-05,0.9207616383548187,0.986446102232345,1.0,269254.05859375,5.118675231933594,7.527718544006348,0,cpjxareypw.mp4
97.28425678060763,75.48334536656193,94.59839760159464,401.21100379180257,0.286750907016531,0.00010318742009041825,0.9967510989277127,0.948763435716577,0.8125,100066356.98224853,3.685462236404419,16.731027603149414,0,cppdvdejkc.mp4
65.18513727189799,365.2309333433907,77.7767416087963,17.593234690725602,0.3709348163750501,0.0008718350639959495,0.7855034466046658,0.764989250886243,1.0,32096985.234375,9.87678337097168,82.77892303466797,0,cprhtltsjp.mp4
40.65598843082688,2.1008756859552733,75.98144151877571,18.623738472009656,0.2741344999741516,1.7410697514184176e-05,0.8501267682978175,0.9694726536465084,1.0,2064517.99609375,4.5413360595703125,21.749916076660156,1,cqfugiqupm.mp4
137.72288151396955,27.730341900725534,104.56484969778806,28.947833593307543,0.2563453247487748,2.249310129197236e-05,1.0725685404584666,0.8768943086999912,1.0,23100967.08984375,10.106046676635742,110.28895568847656,1,cqhngvpgyi.mp4
17.448208292056545,1.5585054105467888,62.73307603523663,60.07903487829346,0.3841221206306793,3.347123678718206e-05,0.8354833735845297,0.873178129294226,1.0,1643969823.234375,3.5854852199554443,28.556011199951172,1,cqrskwiqng.mp4
56.65231228904082,86.55286128288665,72.25023858667696,553.4379177475464,0.256014163732835,7.559078980604871e-05,0.901463779946084,0.8624830461310516,1.0,331213.234375,4.648301601409912,8.355696678161621,0,crezycjqyk.mp4
120.21050115613589,236.4675010784538,65.83286146476338,108.81071807849885,0.43699958220154456,0.0002614852093943277,0.7573399617474716,0.8258707136655616,1.0,11899371.24609375,3.980466365814209,15.649163246154785,1,crktehraph.mp4
52.42286243346673,76.98501803368887,104.33833944187244,585.0807140906659,0.23174287355495649,0.0002539822255002955,0.856401883547197,0.9802906046415149,0.375,15033866.0,3.3712475299835205,16.078542709350586,1,crzfebnfgb.mp4
125.62667177267863,219.39929487014223,66.24591637731481,107.72796921272705,0.44535718391428103,0.00028790057505813675,0.7580954608954582,0.826319353002896,1.0,22268208.99609375,3.737617015838623,16.24932289123535,1,cthdnahrkh.mp4
65.88522713861923,63.629608000599916,80.388417341821,1735.9102026132634,0.27195532821710955,9.252321233815163e-05,0.9069886552808155,0.8507167253603636,1.0,286024.359375,4.309015274047852,7.450716495513916,1,ctpqeykqdp.mp4
198.52568640457167,2152.7616842896023,124.61838458076133,32.95002714046094,0.24474618326044123,0.00032364400647736643,0.9753117325605019,0.9284081003058675,1.0,191880857.37109375,10.465089797973633,108.67980194091797,1,cttqtsjvgn.mp4
83.29602497872108,6.599266077870469,80.5792210648148,331.20559403119495,0.29399558717508534,1.6579333247761256e-05,0.8640714806089149,0.9533545213355458,0.875,2256320.4081632653,2.2931880950927734,1.807107925415039,1,ctzmavwror.mp4
234.17718113412928,5357.458715833711,119.27898694701645,97.15856477610404,0.26491406596659606,0.0002050070937121994,1.0073014036878922,0.936579607316311,1.0,126431844.984375,11.644372940063477,93.58025360107422,1,curpwogllm.mp4
38.50173016437378,57.438899799256625,109.60713474151234,807.936147856268,0.23820711878333062,0.00016687340513211587,0.8572519800153648,0.9771832718644762,0.9375,15934829.262222223,4.771103858947754,24.817581176757812,1,cuzrgrbvil.mp4
43.08259900697209,63.32056706786362,123.96384233539098,1076.464230823744,0.24066805312854092,0.00012392635991165143,0.9201262757387815,0.8785082716745853,0.9375,85981220.11555554,4.401399612426758,12.743939399719238,1,cvaksbpssm.mp4
198.53561627267237,253.74667536025055,79.34850462962962,69.58581226786511,0.418271168803545,0.00011550205372469336,0.8000614196089428,0.829608422395907,1.0,671546740.7460938,6.874289512634277,53.598148345947266,1,cwbacdwrzo.mp4
1.4603307329258237,0.00661138942472666,52.281193801440324,20.352120508801175,0.28840989257428007,2.163687669385658e-05,0.6494090474161722,0.9900092719923657,0.0,0.0,0.0,0.0,1,cwqlvzefpg.mp4
22.151305355340668,12.762590816995596,75.00166431970163,1317.3975943846656,0.27994693625600453,0.00014111845963490801,0.7957984496230687,0.8296464333108948,1.0,15028635.05859375,3.5347445011138916,20.63433265686035,1,cwrtyzndpx.mp4
174.5149309080049,609.7404297559027,84.84947566229424,678.0868551319597,0.40757896117416975,0.00041402531935165693,0.799371813926741,0.8473077082610763,1.0,19460711.02734375,6.0537567138671875,39.426918029785156,1,cwsbspfzck.mp4
22.92117302897063,20.51038060725056,74.68176006301441,1362.7595113148177,0.2835268216154302,0.00026217330112070344,0.7963872683595206,0.8298654661595201,1.0,11592414.62109375,3.269440174102783,19.71601676940918,1,cwwandrkus.mp4
71.50330824949799,118.30590816963769,89.01427578446504,25.10730253202521,0.33687477321662007,0.00026932210165474106,0.8411307498451015,0.8384640762735454,1.0,18704112.859375,3.4460630416870117,10.432637214660645,1,cxfujlvsuw.mp4
8.53696650372845,1.7215399870214132,78.24546662808642,41.81927515347184,0.25564352147407793,6.634375953488061e-05,1.0462202202892912,0.959918235447997,1.0,101334771.75,1.3928053379058838,8.823348045349121,1,cxrfacemmq.mp4
424.4246703644329,89.22143158068643,94.15269875257204,31.046877305213602,0.3213831931682615,1.1224464942531127e-05,1.169904772268081,0.9267133794260928,1.0,251362.734375,6.404345512390137,11.195301055908203,1,cxttmymlbn.mp4
1.470138917051265,0.004802457183322102,51.74717177854938,13.607564118912816,0.28736200795233924,1.8694804886201835e-05,0.64947591083344,0.9898895968382652,0.6875,2257438.4132231404,1.9133071899414062,6.520204544067383,1,cyboodqqyr.mp4
1.4839388291128706,0.005103582038728686,52.4664039994856,19.819196396213716,0.28795292704534703,1.112241613041817e-05,0.6496382527898388,0.9899234527872125,0.75,1490454.7430555553,0.40232837200164795,0.712078332901001,1,cycacemkmt.mp4
1.453136331304118,0.009229635273486846,51.7310982188786,20.895328649143064,0.28726454638577703,1.3445964753633529e-05,0.6500391655775509,0.989895520724303,0.6875,1371053.0578512398,1.529435634613037,3.3136260509490967,1,cyclgfjdrv.mp4
10.81597793172602,2.2521329030189925,78.34014650848765,28.780661886615057,0.26706886278122405,7.870111038812627e-05,1.0446256856891936,0.9597781638491009,1.0,6487995.4375,1.584089994430542,4.8236894607543945,0,cyxlcuyznd.mp4
49.21485572048033,17.249805087802883,100.67993537808643,804.152561371007,0.259946408196466,4.454466376004125e-05,0.8218132441968502,0.9654389645670888,1.0,37077115.6875,2.6166603565216064,6.318755149841309,1,czfunozvwp.mp4
11.2131077553985,46.366557515530644,101.31066412680042,1870.0433248988404,0.23055751864355467,0.0005072764075135108,0.9480582979495866,0.8482365837878931,0.6875,530752651.68595034,4.5688252449035645,50.463768005371094,1,czkdanyadc.mp4
1.4781865738227409,0.005551721459575321,52.21563769933129,20.38963218916806,0.28799832808247294,1.0973887378934203e-05,0.6492486420795066,0.9899442143378251,0.0625,0.0,0.36704298853874207,0.7658137679100037,1,czmqpxrqoh.mp4
120.02553591405801,540.9994174983772,83.58619003986625,1186.1778809451732,0.44634488764976915,0.00041177238774580516,0.7642037202147763,0.8302566594899159,0.875,335637801.38775504,3.068685293197632,16.56130599975586,1,dafhtipaml.mp4
65.28355036646273,8.844603659405479,83.14913827803498,2288.5863926859033,0.2679913158034311,7.213850672733796e-06,0.9058754070897854,0.8487309159895097,0.9375,1041221.9822222223,4.896213531494141,11.015413284301758,0,dakiztgtnw.mp4
1.5742014454098123,0.005268279511426485,54.257645190329214,16.89498074401451,0.28909986836057106,1.4664679238237366e-05,0.6496902604478322,0.9896271450150579,0.875,776277.3112244898,2.315389394760132,8.016864776611328,1,dakqwktlbi.mp4
71.52503175089106,118.83265608848998,88.94295277134773,24.605854392264668,0.33686773131027126,0.00026952589720456125,0.8408682206000508,0.8386944272410959,1.0,8507484.234375,3.5003654956817627,10.097970008850098,1,dbhoxkblzx.mp4
107.8685657362293,55.4423497498677,96.19295161394034,159.73361974451447,0.2988271964971768,8.307536762867335e-05,0.9936149729690371,0.9487162570487695,1.0,11100386.859375,3.199364185333252,14.502812385559082,1,dbhrpizyeq.mp4
41.138488999473914,2.894471595455342,76.72486831275721,50.32718145099045,0.27457259187205796,1.0169034382590698e-05,0.8477198422848554,0.9679585815702894,1.0,1650109.27734375,4.649125576019287,22.978071212768555,0,dbnygxtwek.mp4
11.319158501044877,3.4689631807918238,81.35146717463992,20.344596994569393,0.27178079829164425,0.00014870909286603714,1.0460991492043688,0.9596442182062626,1.0,6691695.68359375,2.7932209968566895,13.979702949523926,1,dboxtiehng.mp4
43.305486560783535,0.8509652508605879,78.36142746913582,53.82555213242626,0.27746610183751574,8.671666380016687e-06,0.855648757876067,0.9699984856621137,1.0,3832336.74609375,4.35736608505249,18.308979034423828,0,dbtbbhakdv.mp4
47.9800686426438,140.50429155956243,84.30418547453704,747.1212402565383,0.3427867644027587,0.0007019901810150403,0.7012916277688468,0.8215355558592832,1.0,35058721.984375,5.391110897064209,40.78266906738281,1,dbzcqmxzaj.mp4
16.78465985782028,1.1515032477696452,63.8951038130144,48.55544865603596,0.3737325630891709,4.484106922559768e-05,0.84272426099197,0.8753091001531322,0.9375,616913495.8488889,4.055130958557129,32.660579681396484,1,dbzpcjntve.mp4
60.438552179295876,15.200758481371604,83.61679092721192,1655.020938151329,0.26535343077462004,6.305125717707771e-06,0.9065703557112299,0.8494618899749009,1.0,660411.15234375,5.509026050567627,9.356121063232422,1,dcamvmuors.mp4
22.38453318751214,22.445830482126162,118.13694489454731,591.6434286225887,0.25421281719589595,0.00020076043752590187,0.9459468091193812,0.9863519534080926,0.5625,49004762.0,4.304370403289795,13.847823143005371,1,dcuiiorugd.mp4
107.9704167478368,35.279811380119504,91.80737528935184,278.7783028406116,0.2968681318502482,6.161657213592224e-05,0.9925587436166218,0.949017472999635,0.9375,22373821.395555552,4.101792812347412,18.378416061401367,0,ddepeddixj.mp4
75.32585606683983,551.2562996147094,88.76032513503087,2163.264233114941,0.3836546797591377,0.0011853472136710487,0.7911685296453228,0.7650174154000253,1.0,72952582.734375,6.85149621963501,73.4773941040039,1,ddhfabwpuz.mp4
72.10441631659108,112.30893997235488,89.0640703768004,30.014090132772033,0.3373230496258293,0.0002532186396290489,0.8412193110187823,0.8386793308685154,1.0,128771710.93359375,3.2497174739837646,7.078658103942871,1,ddjggcasdw.mp4
38.83927300382585,10.821117920381582,78.85891489840536,12.383400260587022,0.2808329247388357,3.782401730416013e-05,0.8322730923939917,0.9682254146184885,1.0,2855446.83984375,1.1959978342056274,6.5310540199279785,1,ddpvuimigj.mp4
56.19003146559096,29.018070491558394,112.29745614711936,193.07807008292005,0.37421516363634144,0.00014241403134813323,0.9574485443882947,0.959022069415885,0.9375,935510722.6400001,5.0086774826049805,40.244041442871094,1,ddqccgmtka.mp4
5.482971566145343,6.639495829616768,121.26218116640946,1124.0215609990657,0.21837145990604398,0.0001858526460313761,0.9201779426391513,0.9771931633288986,0.3125,606935107.4399999,3.2854714393615723,32.03784942626953,1,degpbqvcay.mp4
17.48494073742102,6.520927375198156,76.55427944958848,294.7644783154023,0.2546268135173699,8.409081541847641e-05,0.9286702172609816,0.9689518435077696,0.875,61121265.3112245,7.245147228240967,76.6635513305664,1,deywhkarol.mp4
74.20572990714584,84.50356669859997,85.67728366126545,63.502900835853595,0.3402228775910546,0.00016849284963253779,0.8445711716437865,0.840744817984187,1.0,25635567.12109375,3.1436917781829834,7.931618690490723,1,deyyistcrd.mp4
85.54155547136642,190.4337859737006,76.6701668595679,46.23635668316802,0.2569623345593536,0.0001169070979375276,0.8494922477037826,0.9724471515693283,1.0,1616416.05859375,4.217148780822754,6.139637470245361,1,dfbpceeaox.mp4
11.940460038501733,2.863225462184135,82.94892306455763,163.48951252381627,0.2696931092664051,7.931297275834237e-05,0.9602823714962722,0.9580038798943371,0.875,25315002.16836735,4.931293487548828,25.605947494506836,1,dgmevclvzy.mp4
29.872478388079365,72.30695007998239,79.00410085519546,239.43749270716503,0.2875309856149087,0.0003025650463939312,0.9365530952271526,0.970136012188755,0.75,788839627.0,6.681972503662109,73.49697875976562,1,dgxrqjdomn.mp4
159.1174743057482,345.3999229442827,92.25281233924898,3721.9000340135335,0.3507743445821016,4.340506674203633e-05,0.8889028767450632,0.9575514234996886,0.5,5469444353.484375,4.2172040939331055,13.76931381225586,1,dgzklxjmix.mp4
234.6377910687454,82.24301738398735,98.18134860468108,17.57873616526671,0.31099843179870124,7.862378068851211e-06,0.9890546962021123,0.9524655373734925,0.9375,303921401.43999994,4.292867183685303,10.581604957580566,0,dhcndnuwta.mp4
173.13431350616287,64.60973739917816,108.62061924511318,4151.194118202937,0.35729332960328836,9.781564669194381e-06,0.8876338180721246,0.9564725900310738,0.4375,899095249.7142857,5.541186809539795,47.37974166870117,1,dhcselezer.mp4
99.5344943511138,127.66613399688364,94.75882931455764,390.4957810249017,0.2906327853810869,0.00019054634289021263,0.996370338429784,0.9488882462947059,0.75,62195907.6875,3.5266835689544678,15.793399810791016,1,dhevettufk.mp4
54.33322088188068,2.646962184595205,68.05467438271604,384.6256384452189,0.2501022647856673,7.108589532799984e-06,0.9065828375174729,0.8574978707196395,0.9375,2855828.8,2.7425742149353027,1.516803503036499,1,dhjmzhrcav.mp4
14.489805674312016,131.90322143459025,126.79916284079219,1844.36854400151,0.22311842033038076,0.00017847742352562415,0.9642215464282802,0.9444364186749932,1.0,196868735.734375,3.5775904655456543,21.032794952392578,1,dhkwmjxwrn.mp4
1.4422636637666464,0.008448432659896189,52.516730677726336,19.79049663240901,0.2887524447797004,1.2826791993354625e-05,0.6500296015245045,0.9900449842221708,0.0,0.0,0.0,0.0,1,dhoqofwoxa.mp4
26.444050739751983,18.815638098613867,89.1224815457819,1020.6307556225837,0.24108340086375754,0.00012469247325450533,0.8109150097831541,0.898105525482845,1.0,285989153.4375,5.211196422576904,30.859556198120117,0,dhxctgyoqj.mp4
31.125533707260367,2.398119443795431,101.95653870884775,2410.899085887278,0.2512603543611015,2.92677918372239e-05,0.8011771549491801,0.9440492235483255,1.0,9552082.359375,7.942608833312988,44.12248992919922,1,diomeixhrg.mp4
13.097597369614297,51.79127683345067,101.24643505658436,1068.5015587516787,0.2336709500262253,0.0015127547147717195,0.8723194212417567,0.8656290778915927,1.0,249327332.77734375,6.985762596130371,85.23728942871094,1,diopzaywor.mp4
31.52249476340738,0.8576920788466831,70.74150868055557,81.20310200921628,0.2676546280128203,4.485347372098212e-06,0.8919889877450422,0.991984143682803,0.5625,56650937.95061728,2.0129737854003906,5.436518669128418,1,diqraixiov.mp4
208.4645201787415,106.28260414607217,96.48974913194446,34.14894034414053,0.30733946586249955,1.2475417716861933e-05,0.9670440487341021,0.957838169569204,0.6875,314313756.429752,2.094407558441162,4.413717746734619,1,diuzrpqjli.mp4
209.32466380448665,4688.340067828203,120.50902424125518,91.59357871238517,0.2622422651952807,0.00020703779876383958,0.9799047052026086,0.9299267497125748,1.0,268198785.484375,10.708985328674316,64.48717498779297,1,djvtbgwdcc.mp4
1.529124618094659,0.0075445025533524245,54.112754758230444,29.704127177596696,0.2903360050842302,1.1144803209394332e-05,0.6504037756297224,0.990109900100334,0.0625,0.0,0.2858181595802307,0.33022502064704895,1,djvutyvaio.mp4
84.35393759836332,37.06596627200193,81.54326089891974,398.64492598034946,0.29297007529690944,7.2903377959787e-05,0.8630381812692218,0.9527688196557876,0.9375,1101374.888888889,4.164836406707764,9.302084922790527,0,djxdyjopjd.mp4
17.227892152787156,1.7718586645083938,61.236096032664605,87.74779791136248,0.3826247381139577,6.519949479651303e-05,0.8457379886687844,0.8765589074345539,1.0,548721806.4375,2.5149118900299072,18.195953369140625,1,dkdwxmtpuo.mp4
1.4679940059057772,0.006533849316746174,52.32499347350822,20.486770765427188,0.28891027953012555,2.2680128461691686e-05,0.6493672436322838,0.9900059705671136,0.0625,0.0,0.199525848031044,0.13180173933506012,1,dkhlttuvmx.mp4
218.31540186228358,783.2896098381235,124.39254845036007,30.725368758000467,0.24918599692356208,0.0002956120708536559,1.0186362047294908,0.9258656786609691,1.0,203178826.609375,7.160050868988037,67.72220611572266,1,dkrvorliqc.mp4
223.32316335981324,7134.406932614369,119.4675072337963,61.17744496135607,0.2601399854757085,0.0004465837552166413,1.0096047811470878,0.9347756616923041,1.0,120736056.24609375,10.367987632751465,86.65290832519531,0,dkuayagnmc.mp4
42.30151362423892,2.783787151439285,74.36015364583334,24.6564610009049,0.277008228660289,1.4004130567116907e-05,0.8461236559342941,0.9679111101320546,1.0,5292443.02734375,4.090020179748535,17.86118507385254,1,dkwjwbwgey.mp4
424.81473651682853,353.07024778315633,94.14629896476336,16.804967334228483,0.3204705212005075,4.167144312160285e-05,1.1710791563115073,0.9245963621146499,1.0,733126.359375,6.749953269958496,10.267398834228516,0,dkzvdrzcnr.mp4
8.800978831409779,1.9888044923511112,77.51463438786007,31.968886315123942,0.2565571266003156,7.228457769874076e-05,1.0463483037377217,0.9600233175575918,0.9375,141392703.83999997,1.4493335485458374,9.998774528503418,0,dlpoieqvfb.mp4
18.8814989152672,101.20307522390844,126.59919910622428,2814.5240365926106,0.23659134920991415,0.00011522441585432443,1.0341921242312817,0.9579347671165921,0.9375,98207163.5288889,3.5950944423675537,19.639856338500977,1,dlrsbscitn.mp4
83.95159984940165,466.64565133410633,78.4952979359568,239.97220081616473,0.39669951123497654,0.0007119529786824955,0.7806121620993259,0.7658243300292316,1.0,23957588.359375,7.027547359466553,52.804542541503906,1,dnexlwbcxq.mp4
459.1491991115604,121.23250718932223,102.5792409979424,19.466841853492895,0.32662000527441337,1.4152254202056051e-05,1.1512437524706396,0.9248698754148528,1.0,1882818.62109375,7.987478733062744,42.45964431762695,1,dnhvalzvrt.mp4
88.36703862039234,429.740370830669,84.00507169495886,598.0943299579604,0.3962350388605511,0.0007674955572142322,0.7929352359591992,0.7696221548866501,1.0,33552519.24609375,8.063053131103516,66.91653442382812,1,dntkzzzcdh.mp4
64.36190164068483,30.595157461521694,79.18957182355966,2201.8561624768163,0.2676594589831352,2.2201267368663728e-05,0.9087597823912559,0.8486823130552994,1.0,688665.99609375,4.566432476043701,9.760091781616211,1,dnyvfblxpm.mp4
141.96832461624916,92.5433969967429,83.93686001800411,84.55650502380166,0.4000473729845857,8.083041185773329e-05,0.9441628697578015,0.9600265680638087,1.0,11358932.96484375,3.0529489517211914,9.017824172973633,1,doanjploai.mp4
17.92346374315322,2.120109255188157,64.50662647890947,154.00534548351476,0.3848108146354656,5.4056973356133634e-05,0.8330223191655316,0.871889914512622,1.0,953769616.3710938,2.5353164672851562,21.523000717163086,1,dofusvhnib.mp4
101.03676259373864,77.39452470970018,101.00869495884773,498.9129085080045,0.2897440639484482,7.115135985361019e-05,0.999106086296268,0.9445891109719522,1.0,11408889.40234375,4.473849773406982,24.845123291015625,1,dozyddhild.mp4
101.33385036426381,72.4594638315242,82.46874594907408,412.6228968625854,0.2686551404289369,4.3428211763665514e-05,0.8494755123368751,0.9728252697515527,1.0,1474458724.5,4.64929723739624,8.500884056091309,1,dptbnjnkdg.mp4
38.64367957232113,58.46948991016861,109.61196228780864,800.1722976525705,0.23842387206803756,0.00016765607106824018,0.8572738158992568,0.9772443325221672,0.8125,3970459.5147928996,3.9125568866729736,12.305741310119629,1,dptrzdvwpg.mp4
1.4665761525313712,0.006529762170614282,52.3280641718107,19.554685678012365,0.2887290269692264,2.0489873255883532e-05,0.6494607623831736,0.9899970225014947,0.0,0.0,0.0,0.0,1,dqnyszdong.mp4
46.07013435140777,11.267907033469612,77.85264763374485,24.839984962535258,0.2603185110689281,6.307095062124656e-05,0.8241871451316367,0.9654539257804741,0.6875,2442626.2314049583,4.147430419921875,8.399872779846191,1,dqppxmoqdl.mp4
13.017177732313082,0.916131892041227,63.294946791409465,240.55108609458017,0.24678926510547494,8.23500668340987e-06,0.8546185508558832,0.943735618626726,1.0,21431450.734375,4.119208812713623,11.12131404876709,1,dqqtjcryjv.mp4
54.20505587108369,10.299198567696976,96.21818097350824,3710.5908270595055,0.24773241825142928,1.4178620350357326e-05,0.9077770102202737,0.866041219063759,0.875,13675907.836734695,2.5914714336395264,3.4246885776519775,1,dqswpjoepo.mp4
11.491395984233812,0.473494780842633,72.00145103523663,585.5418522816385,0.24454179364958475,2.739358347003974e-05,0.8535041812427608,0.9437524345199637,1.0,18347115.25,3.6589393615722656,10.963822364807129,1,dqzreruvje.mp4
60.28031993923375,18.242947585981163,107.83611603009258,10.095599245348627,0.2528355696454958,3.351016456516895e-05,0.9626434547959091,0.9676030886838535,1.0,23050922.25,2.616752862930298,33.516578674316406,0,drcyabprvt.mp4
13.295159278029827,26.807848741272753,120.04625401877574,1179.0180435160698,0.23262027202851343,0.0004021081036606975,0.7644402227551033,0.8539832021550884,0.875,4515986.515306122,6.114344596862793,31.494243621826172,1,drgjzlxzxj.mp4
37.01127942179116,11.998993242487597,83.66254890046295,42.01512462126098,0.26656713590009684,2.524319648449285e-05,1.0604069834386143,0.9480959204614878,1.0,5270889.71484375,5.699355602264404,29.055078506469727,1,drsakwyvqv.mp4
1.7310580612014588,0.024229368437438094,57.21260596707819,32.71381070775969,0.2757079956230363,8.998073441044347e-05,0.6122726310385382,0.9596611064910177,0.0,0.0,0.0,0.0,1,drtbksnpol.mp4
1.6846623008189343,0.007448113852844272,55.63120791538066,13.511425525900824,0.27312392068010183,5.213118110952297e-05,0.6101191394619728,0.9602093044583229,0.0,0.0,0.0,0.0,1,dsdoseflas.mp4
68.76439798608149,4.134266810769022,85.48083281893004,2086.1072926198426,0.2664221182493379,1.2180670474535136e-05,0.8770652968132753,0.8706741385635772,0.9375,638649.0488888888,6.426993370056152,12.483556747436523,1,dsgpbgsrdm.mp4
477.99378366424435,181.71302708460806,98.66676372813785,26.65999619989162,0.3283937593881456,1.74259319348161e-05,1.169332808464402,0.9094096422297417,1.0,4747130.93359375,1.8423011302947998,1.217896819114685,0,dsjbknkujw.mp4
10.663400771402355,2.0478725495491545,82.33717171424898,382.05663442227916,0.2681308305541079,7.490121763000346e-05,0.930353753374247,0.9613865644153348,1.0,11947042.83984375,2.848998546600342,10.096102714538574,1,dsndhujjjb.mp4
1.6274990950983121,0.011014285439469314,55.89643319187243,13.293075481840685,0.2747140634165623,3.31529448260232e-05,0.6138949219636518,0.9616420183294994,0.0625,0.0,0.8668387532234192,3.6544010639190674,1,dtbpmdqvao.mp4
64.64118399984667,7.595160872045771,83.3715674832819,2218.469958585867,0.26946678948467584,7.4659916954942685e-06,0.9063749051905312,0.8487695517636269,0.9375,3084303.6888888893,5.024560451507568,10.43646240234375,1,dtocdfbwca.mp4
11.752526346667123,1.074848356782986,95.9732679398148,1645.707472309726,0.2668398528771627,3.1905310151563496e-05,0.9487719152084981,0.959805956959372,1.0,5119176.484375,5.897697925567627,32.366676330566406,1,dubiroskqn.mp4
78.24656659733915,401.3511564147706,87.82761127186215,21.952908622920692,0.34354795787584425,0.0004935712576034927,0.8420717587038689,0.8401881722481462,1.0,275035110.05859375,3.0762221813201904,8.47185230255127,1,dulanfulol.mp4
13.04319451287233,51.407904959573315,101.15010313786007,1070.0982099331254,0.23347881250708968,0.0015046174855075246,0.8719870903006894,0.8658248336461238,1.0,239722730.21484375,7.381730079650879,89.45757293701172,1,duvyaxbzvp.mp4
30.109240236658632,73.72523316831673,78.25650115740741,242.74120352642538,0.2879473550365911,0.00029724615541265836,0.9369780544899364,0.9700443197731534,0.625,998816493.36,6.5047454833984375,67.4396743774414,0,duycddgtrl.mp4
12.497859189210667,45.43925606646282,101.0542545653292,1110.196986643606,0.23082326946451415,0.0015038982035008724,0.8721456834554322,0.8660463890886645,0.9375,103739183.31555556,6.3931355476379395,78.90180206298828,1,duzuusuajr.mp4
176.73701162630675,762.7143197766057,75.58140644290123,597.9836999487305,0.40298717750682456,0.00020442251217250737,0.8027355981125277,0.8479644516740877,1.0,17785728.90234375,7.27703857421875,52.890846252441406,1,dvakowbgbt.mp4
2.8512518362662607,0.04031850239094069,66.16643875385803,13.418418318733854,0.2731679610538136,2.7546983739857525e-05,0.5972356067073189,0.9506359573105811,0.3125,182309842.8,0.9321097135543823,1.6149094104766846,1,dvumqqhoac.mp4
9.991500710275163,0.31303332929403593,79.19283822016463,58.63685856329976,0.2556530980371141,1.3352791595927527e-05,0.9637203885569815,0.9569505923199695,1.0,5587943.484375,4.509737968444824,26.78175163269043,1,dwediigjit.mp4
233.6254956057154,36.38760175635365,96.36970707947532,23.3077907746884,0.31104987362051834,1.1876796358394457e-05,0.9791032616409973,0.9552785846594778,0.625,1336023371.7600002,2.6738476753234863,4.428667068481445,0,dxbqjxrhin.mp4
45.70635985088946,5.8330933338853175,78.3595435313786,15.479404571591305,0.2600161629902991,2.3622711191227293e-05,0.8286682577445802,0.9650256169048885,1.0,9423460.359375,2.8448994159698486,3.273930788040161,1,dxuliowugt.mp4
13.376680101597119,0.6103339075667229,60.36406577932098,60.72912874518422,0.24426644605718267,3.006780185261968e-06,0.852835600974748,0.9436423078728313,1.0,153676.984375,2.927412986755371,6.411588191986084,1,dxuplhwvig.mp4
134.5533282644756,434.56491835619465,83.86492650462964,182.14493339865626,0.3896570114148794,0.00012981914398027745,0.9470368502515246,0.959882579375179,0.9375,11651176.995555555,7.9662041664123535,67.08231353759766,1,dzieklokdr.mp4
11.140160445829899,0.5655132159287287,77.07013059413579,33.483115037765025,0.2612315592840951,2.3699847704356266e-05,0.9448934889337602,0.9603131323738249,1.0,12167414.484375,4.515712261199951,32.22742462158203,1,dzqwgqewhu.mp4
40.602862114765045,141.5843028843396,125.59304021990741,1774.68396606903,0.24297297252083827,0.00025456207822388316,0.9231202843826242,0.8869911964899759,0.9375,1910487.1822222222,4.857293128967285,14.27759075164795,1,dzvyfiarrq.mp4
146.86526140414188,48.43126214978206,114.3207366255144,2335.5922391109298,0.346183380131681,7.672682765650202e-06,0.8863772214658578,0.9577051032335356,0.8125,2777020203.609467,5.012229919433594,32.417781829833984,1,dzwkmcwkwl.mp4
1.6640966181506656,0.007825306825200901,55.288213059413586,13.534872029666449,0.27285303657848936,5.057586319556446e-05,0.6099306363457171,0.9603652339914506,0.0,0.0,0.0,0.0,0,dzyuwjkjui.mp4
3.0769746435722114,0.030166720418292575,64.02581288580248,12.95766844141042,0.2779838868170276,1.027595759218965e-05,0.5972839304405345,0.9508807666865232,0.375,174433125.55555555,0.8257928490638733,2.1916592121124268,1,eahlqmfvtj.mp4
13.109591576725162,0.6864103374505321,92.55373456790123,1558.1800149488274,0.2381919385325514,1.1866377809634761e-05,0.9255354335110386,0.9734390745822884,1.0,7700007.02734375,8.71911907196045,72.27605438232422,1,eajlrktemq.mp4
14.577420570926698,131.14547824266714,126.79854931841564,1846.0106763195538,0.2239817138562315,0.0001974299942471709,0.9640985645842208,0.9444012563905992,1.0,155801551.609375,3.8064687252044678,26.896697998046875,1,ebchwmwayp.mp4
74.63068858498241,97.62860411705202,90.97884805812758,57.28720110412598,0.3444737260830417,0.00016189795578867128,0.842090273391531,0.8400720884146076,1.0,236980353.0,2.3747053146362305,5.471465110778809,1,ebebgmtlcu.mp4
1.5145783869223994,0.0095928588653642,52.280600051440324,30.458178806093432,0.28904230982094414,2.2540826537981545e-05,0.6499453233659287,0.9900607741633022,0.75,944160.0,0.4052183926105499,1.007590889930725,1,ebeknhudxq.mp4
23.844643345794523,17.085501010203316,75.4930262024177,1377.7948263026358,0.28657621988506454,0.00016404576610857266,0.7966814881182034,0.8297054426371195,1.0,9946429.5,4.609485149383545,21.362646102905273,1,ebkzwjgjhq.mp4
30.85606494403619,8.784466534788809,79.34322125771605,25.60791687876608,0.2568167858001915,2.501017716106312e-05,1.0599945560493607,0.9476600706927555,1.0,1388101874.7773438,3.9332127571105957,15.973627090454102,1,ebywfrmhtd.mp4
64.15695872052392,29.96017358832441,79.1255697337963,2197.9578184337774,0.2668666759270466,2.1475996778553865e-05,0.9085471437064465,0.8486946599108509,1.0,1049068.359375,4.42693567276001,9.551074028015137,0,eckvhdusax.mp4
20.722470915287392,161.0864399466881,117.80486220421813,1203.8381425411208,0.2627568907860503,0.001099561930428687,0.9122720348877358,0.8699229091499088,1.0,802002331.9375,7.816232204437256,100.60551452636719,1,ecnihjlfyt.mp4
13.724865825080215,0.30446268613342486,66.14066280864199,122.55112200559307,0.2461167913576627,6.1766308942501194e-06,0.8539508467532908,0.9435997784308504,1.0,640921.734375,3.2673492431640625,7.837730884552002,0,ecujsjhscd.mp4
27.26607250138517,20.74012105714192,82.44458677340536,19.41879487966195,0.2488011265592413,7.187394220546374e-05,1.05892109575219,0.9484446130917048,1.0,4607259.49609375,6.827489852905273,28.634174346923828,1,ecuvtoltue.mp4
30.207459960708853,4.754064593433285,84.40580815972223,314.4509475988894,0.2542498195500749,3.8653978338234384e-05,0.8085584147127922,0.8952887744353313,1.0,382985272.984375,3.567295551300049,11.096586227416992,1,ecwaxgutkc.mp4
78.25217152199895,394.86156262034785,87.74087573945475,20.890843208520412,0.34371735225850025,0.00048150605109291726,0.8420698690131512,0.8401380093604336,1.0,161973522.05859375,2.903228521347046,10.39841079711914,1,eczrseixwq.mp4
257.9001128883848,57.079285951499486,96.09224353780864,69.29797561172819,0.31693219279048135,1.4336705397226361e-05,0.9820418215936293,0.9526135258652169,0.6875,222936398.7768595,2.973670244216919,6.534299850463867,0,edyncaijwx.mp4
23.450908559849243,23.382870796717903,92.07808712705763,3106.6810884374195,0.28451506641474844,0.00031981030461762476,0.7998710335943235,0.8343951120946536,1.0,19423826.109375,5.432705402374268,23.960529327392578,1,eebrkicpry.mp4
2.7558054487749493,0.0639058087597099,65.30829365997941,10.684514102960218,0.2698363704773924,4.0049707326925386e-05,0.5953446504798556,0.9481891731652112,1.0,227261988.984375,1.223860502243042,6.604327201843262,1,eebserckhh.mp4
2.709455442788648,0.06649589368676573,65.25560317001029,17.51930852266647,0.272839124258418,4.521756805210945e-05,0.5954490005084313,0.9495624966282186,0.6875,470112772.9917355,0.48555171489715576,0.6855477094650269,1,eejswgycjc.mp4
14.58951166880241,47.874779611714146,126.60515840406379,2016.129563821602,0.22382704631361028,0.0001255104112595234,0.958359944656907,0.9515865203607798,1.0,347605374.984375,4.538925647735596,27.168418884277344,1,eekozbeafq.mp4
92.03407767504424,828.6114033637924,82.32144913837448,1131.1122522110165,0.40707446060074576,0.0017013323454519065,0.7472554359980592,0.8258610050006022,0.75,446074652.25,5.525781154632568,33.90702438354492,1,eepezmygaq.mp4
3.0794227418240494,0.026289242601492437,63.99735423096707,14.343076790385096,0.2774103514821448,1.0876787841675582e-05,0.596613542958226,0.9509486041545883,0.375,333107330.0,0.7610352039337158,1.5879377126693726,1,eeyhxisdfh.mp4
27.712428331278026,21.47383549185349,82.5162332175926,22.643524412625332,0.24930373130193717,6.688068188564986e-05,1.0592356522139985,0.9485130966510593,1.0,10254078.30859375,6.441187381744385,30.520719528198242,1,efdyrflcpg.mp4
12.172889793932864,1.5685714585830723,79.63087374614197,170.768031724048,0.2650285344125605,5.4697505003728195e-05,0.9449763050414366,0.9609887609370928,1.0,33472971.4375,4.2132248878479,24.84033966064453,0,efwfxwwlbw.mp4
21.159661570841568,9.868175119011706,86.17942338605965,2207.7187166998233,0.27873774752085445,0.00013848387184311477,0.7972532460211095,0.8259433937519695,1.0,8151025.24609375,4.846264839172363,44.2685432434082,1,egbbcxcuqy.mp4
227.61709323621113,55.94507448683595,95.32660448816871,17.380048772793387,0.3074861776334772,1.1299824750328396e-05,0.9824617017598526,0.9536409384530848,0.75,245628183.1875,1.4856442213058472,1.946577548980713,0,eggbjzxnmg.mp4
209.43131793982462,1530.2758210292477,124.32382098765432,43.60786622918465,0.2468596299966372,0.00030475126630173085,1.0264134598005505,0.9226709897018921,0.9375,332556819.9555553,7.702840328216553,66.70709228515625,0,egghxjjmfg.mp4
3.2148959512437596,0.07555705721277241,70.0576980774177,32.42348701205448,0.28426336855134277,3.697964772730356e-05,0.5967408545433317,0.9493366570530171,0.375,1567302.888888889,1.3341537714004517,4.785524845123291,1,ehbnclaukr.mp4
14.788528713056513,138.69799818820465,126.78084841177983,1847.5028000307404,0.22319351432679305,0.00018367839897404076,0.9643073873315104,0.9441740187796424,1.0,602231225.9335938,4.330007553100586,38.10932540893555,0,ehccixxzoe.mp4
42.169970505398155,1.0061788055031369,76.97619907407406,21.416602969545206,0.27476369594222533,1.1029018699167537e-05,0.8468208541228702,0.9678839302496423,0.75,9151659.13888889,3.8994836807250977,13.56685733795166,1,ehdkmxgtxh.mp4
51.633611112773075,0.37824850619438005,70.37999144804527,402.37269534459267,0.24503486849523612,4.735212044904829e-06,0.9067132614036715,0.8581983127181605,1.0,85812.62109375,2.067007303237915,1.2248286008834839,1,ehevsxtecd.mp4
468.57352855393333,133.8921301582403,101.49394222608024,12.163846222532335,0.32876974209292376,1.124805323586014e-05,1.1513478306813756,0.9241360158336744,1.0,24399961.46484375,5.4743266105651855,31.510459899902344,1,ehfiekigla.mp4
53.515943814736474,34.64387423784855,92.97118219521604,2484.742118894884,0.24914371838592986,8.587352383373452e-05,0.9065716077418926,0.8603826112699997,0.9375,12956370.328888891,2.42527174949646,3.061919927597046,1,ehieahnhte.mp4
9.961693617184173,42.90386572101521,108.910606095679,567.1626839778475,0.23648499673560963,0.000982418233024656,1.0171578564329997,0.8367558110889874,0.9375,684281808.1955554,7.610893249511719,94.99906921386719,0,ehtdtkmmli.mp4
55.19808340427121,113.96222692018176,81.90113734567902,723.8101149390028,0.35867272007253465,0.00040534512920217824,0.7062950032397324,0.8288832236299427,1.0,27531772.43359375,4.718885898590088,36.31956100463867,1,eiriyukqqy.mp4
10.677199952832177,1.5527518343494187,78.81877980324073,74.89573403850905,0.2649672657437768,5.888686970738436e-05,0.9646814540764652,0.9570027152416934,1.0,41364996.05859375,5.249610424041748,33.61152648925781,1,eivxffliio.mp4
1.5270752544317316,0.048235886396227695,58.12928160365227,18.132185642904226,0.2711435710042655,4.306409611041658e-05,0.611047030081572,0.9595688059681025,0.0,0.0,0.0,0.0,1,eiwopxzjfn.mp4
73.8316535454019,83.99557463809626,85.81990547839506,62.94007455500942,0.3408421007003518,0.0001621042882108297,0.8455699675647748,0.8389225037042621,1.0,16336299.984375,2.698798418045044,7.066100597381592,1,eixwxvxbbn.mp4
18.714123322938832,13.401737263367556,74.04036516203703,1040.1212286675275,0.26841706896105455,0.0003071064520675663,0.801107722263318,0.8310986347482305,1.0,17925121.234375,5.328295707702637,34.403926849365234,1,ejkqesyvam.mp4
5.747956045966911,4.623076328989012,118.23099475951646,1132.8552248813817,0.21991387080840527,0.00021774965953344223,0.9146572405467613,0.9778142013890587,0.375,649252474.0,4.135875225067139,33.09182357788086,0,ekcrtigpab.mp4
210.02470338723094,1857.2948794140068,124.24797775205761,42.9313822822173,0.24821823338792764,0.0003504557244799688,1.0263196445731573,0.9240614611970674,1.0,430209494.109375,7.171261787414551,61.24307632446289,1,ekhacizpah.mp4
29.702930835395836,17.34620757568697,106.73889310056583,1821.1265332508158,0.24823850542156867,0.0001067488003061007,0.8124946694303101,0.9041961358730353,0.875,605560390.7755101,7.046828269958496,46.19095993041992,1,ekkdjkirzq.mp4
3.209650302798239,0.06752948092260387,70.02171563143004,25.617517935599757,0.2837991296661666,3.675760982484138e-05,0.5968512300816089,0.9493310961510311,0.375,317088160.0,1.2220380306243896,4.207188606262207,1,elginszwtk.mp4
16.908002292399004,1.0288175830398016,63.36267582947531,49.87164815992324,0.3796280566207916,4.1200771902982585e-05,0.8414685658564494,0.8753088790127368,0.9375,880654661.1288888,3.210871934890747,26.788564682006836,0,ellavthztb.mp4
90.77568360040263,405.7959768964296,76.64053488297326,77.08133562325996,0.40121812933747314,0.000521608722762343,0.7829783925436293,0.7637196867131681,1.0,24250051.5,5.631368637084961,31.770984649658203,1,elvvackpjh.mp4
1.731471684362888,0.02634629339804064,57.160772087191354,32.375508170904624,0.2756862461239613,9.828914621098458e-05,0.6120535731411585,0.9598294497214528,0.0,0.0,0.0,0.0,1,emaalmsonj.mp4
67.52091897860885,505.4070144768806,78.93352732767491,26.380184344098193,0.38141907064029434,0.0011231730413007405,0.7883145530803489,0.7639961535420274,1.0,49673501.5,8.472013473510742,79.8029556274414,1,emfbhytfhc.mp4
40.315154338486025,91.03195258983074,120.94315178112139,441.4441845102148,0.2394380226333156,0.00013409305068123298,0.9306263966693855,0.8988497269673175,0.875,1753917.6581632649,4.403525352478027,11.70245361328125,1,emgjphonqb.mp4
62.95255548749439,168.62540583847914,91.8532945923354,2756.701003259189,0.2698197108470093,0.00010256496352677355,1.0053098268110259,0.9239504790790874,0.625,8751740.489999998,3.7492775917053223,6.900824069976807,1,ensyyivobf.mp4
1.431517436066787,0.007302254248634925,51.6700072659465,17.46973730733189,0.28882821215304816,1.1071104681631786e-05,0.6499188220245028,0.9900724842113877,0.0,0.0,0.0,0.0,1,eoewqcpbgt.mp4
2.871213045000234,0.0349348842667032,66.5077478780864,12.90444777241786,0.2735865737214147,2.638697097376481e-05,0.597209409683118,0.9506561007519518,0.5,260324458.1875,0.9219487905502319,2.2429659366607666,1,eprybmbpba.mp4
82.17311834658565,45.592639959274486,79.09628780864197,376.86151433194556,0.2971934344181574,9.428682392491931e-05,0.8648329784902826,0.9531860874277136,0.8125,5898582.745562131,2.213411569595337,4.48991584777832,1,epymyyiblu.mp4
40.743330517821974,2.738572850582655,77.33847444058642,48.358493463241466,0.2749788430630655,1.0075806235664243e-05,0.8477724730555868,0.9681577480344943,1.0,2814912.9375,4.268745422363281,22.736305236816406,1,eqjscdagiv.mp4
10.497368757000139,1.2632915407675558,83.5679530606996,864.6863935882396,0.2528277678634663,5.71626291551626e-05,0.9474334627535913,0.9607150657523681,1.0,10277096.109375,3.9655792713165283,24.64005470275879,0,eqnoqyfquo.mp4
31.18483625474395,0.8052439875836086,70.85052276234568,145.5049824015029,0.2818102943978548,1.0015271215592709e-05,0.9357592691176666,0.9860066860019354,1.0,4879078.65234375,5.984175682067871,14.119597434997559,1,eqvuznuwsa.mp4
21.06364475055347,9.43355309582268,69.71332108410495,137.18141353558212,0.27018185545688334,6.597268966692249e-05,0.9320806957773374,0.9685327897596054,0.5625,30919815.555555556,5.991970062255859,51.26869583129883,0,erlvuvjsjf.mp4
110.54683923370511,467.50350405133884,90.12982063400206,2583.837639935357,0.44274848382335397,0.00020155068856021513,0.7549625081882971,0.8316681403634544,0.875,162767254.65816325,3.3454790115356445,17.941184997558594,1,erqgqacbqe.mp4
30.952631234879966,9.251153620717613,79.17820846193416,30.190985505572307,0.25684578374844924,2.775151855422566e-05,1.0598953313575923,0.9476470167423974,1.0,1280937236.7460938,3.9190757274627686,16.757843017578125,1,errocgcham.mp4
43.141802282975675,63.98946702142614,123.98843859310699,1072.4818226857878,0.24095241508868023,0.00010622965343940357,0.9202124980478833,0.8785277387703422,0.9375,2526837.7955555553,4.014878749847412,8.716055870056152,1,esckbnkkvb.mp4
8.412270686710901,3.3359529414792,85.2869770769033,119.03060779967224,0.24378965442072914,0.00010124091044635698,1.056296831030075,0.962649526224548,1.0,62304025.359375,3.361931085586548,20.644529342651367,1,esgftaficx.mp4
107.07650489080319,52.90350536215284,101.61418489583335,1924.231248027194,0.2965557453681056,5.122874679285366e-05,1.0092931717406681,0.9445580403425577,1.0,24236514.859375,3.6094930171966553,18.98894500732422,1,esnntzzajv.mp4
42.51324478422041,2.2016887291865115,74.9026345807613,142.6343837550632,0.27842037578470175,2.1055258558451553e-05,0.8534370658140271,0.969856879189364,1.0,5741205.484375,3.8639142513275146,18.23077964782715,1,esxrvsgpvb.mp4
1.4684648056833796,0.006028902107492202,52.3323487332819,19.49419467828278,0.2891016112376107,2.324688014666646e-05,0.6493295714326355,0.9899908822471122,0.0625,0.0,0.425167441368103,0.938015878200531,1,esyhwdfnxs.mp4
2.7125269740432305,0.06587982862025382,65.37415049511317,16.702805478734696,0.2725481422401276,4.546201683764198e-05,0.5955564532285477,0.9496864718914491,0.875,392440894.28571427,0.5612773895263672,1.1613408327102661,1,esyrimvzsa.mp4
3.20848692944426,0.07218331731789521,69.82273119212962,27.7114937213804,0.28378751789557544,3.617949824697454e-05,0.5962871981474658,0.9494429137055024,0.4375,132364605.67346941,1.0135142803192139,3.2175886631011963,1,etdcqxabww.mp4
171.94020151172862,739.5413470006508,84.64230803112142,686.1222169760741,0.4034494776304365,0.0005982770672010509,0.8000794413204264,0.846866492578862,1.0,7899989.734375,6.536402225494385,42.074100494384766,1,etejaapnxh.mp4
34.82816096850387,2.747263273902007,94.7086507523148,2180.201912609629,0.25957949898267374,2.12168760977993e-05,0.7837370956549486,0.9447469635590953,1.0,31875214.71484375,7.782542705535889,48.455116271972656,1,etmcruaihe.mp4
209.1439180251631,1902.6423765623829,125.14607359182101,32.68732760336829,0.24732079435719,0.00023136037743728743,0.9731834898081362,0.9199255382573029,1.0,106270128.80859375,11.064776420593262,84.98776245117188,1,etohcvnzbj.mp4
256.1980162828709,248.71879949746443,98.53604870756172,22.600667401712034,0.3190186030266649,5.0306513209084065e-05,0.9815580626535853,0.9531857361267556,0.8125,135627208.07100594,2.510241985321045,9.733694076538086,0,eudeqjhdfd.mp4
1.6902087845687765,0.011493455887822324,55.303595389660494,7.611294569961192,0.27092148423196605,2.921904415476429e-05,0.6171889599538173,0.9598545028915157,1.0,51893429.68359375,1.3753513097763062,9.17886734008789,1,eukvucdetx.mp4
